block,first_page,last_page,offset,ff,ff_pct,zero,zero_pct,unique,entropy,dominant,dominant_count,dominant_pct,mixed_ff00_pct,all_ff,all_zero,abnormal_pages,erased_pages,zero_pages,abnormal,reasons
0,0,63,0,1141,0.870513916015625,36003,27.468109130859375,256,6.523078263953657,0,36003,27.468109130859375,28.338623046875,False,False,63,0,7,True,MANY_ABNORMAL_PAGES
1,64,127,131072,0,0.0,131072,100.0,1,0.0,0,131072,100.0,100.0,False,True,64,0,64,True,ALL_ZERO;STRONG_FF00_PATTERN
2,128,191,262144,119632,91.27197265625,45,0.034332275390625,256,1.1235711981469076,255,119632,91.27197265625,91.30630493164062,False,False,64,58,0,True,MANY_ABNORMAL_PAGES;MOSTLY_ERASED
3,192,255,393216,0,0.0,131072,100.0,1,0.0,0,131072,100.0,100.0,False,True,64,0,64,True,ALL_ZERO;STRONG_FF00_PATTERN
4,256,319,524288,530,0.40435791015625,768,0.5859375,256,7.998127150828902,0,768,0.5859375,0.99029541015625,False,False,64,0,0,True,MANY_ABNORMAL_PAGES
5,320,383,655360,503,0.383758544921875,504,0.384521484375,256,7.998596208542712,210,589,0.449371337890625,0.768280029296875,False,False,64,0,0,True,MANY_ABNORMAL_PAGES
6,384,447,786432,501,0.382232666015625,464,0.35400390625,256,7.9985274327415254,69,581,0.443267822265625,0.736236572265625,False,False,64,0,0,True,MANY_ABNORMAL_PAGES
7,448,511,917504,535,0.408172607421875,499,0.380706787109375,256,7.998672127119255,236,563,0.429534912109375,0.78887939453125,False,False,64,0,0,True,MANY_ABNORMAL_PAGES
8,512,575,1048576,524,0.3997802734375,504,0.384521484375,256,7.998535957653764,116,574,0.43792724609375,0.7843017578125,False,False,64,0,0,True,MANY_ABNORMAL_PAGES
9,576,639,1179648,541,0.412750244140625,552,0.421142578125,256,7.998694820829376,63,577,0.440216064453125,0.833892822265625,False,False,64,0,0,True,MANY_ABNORMAL_PAGES
10,640,703,1310720,539,0.411224365234375,496,0.37841796875,256,7.998506606232656,105,568,0.433349609375,0.789642333984375,False,False,64,0,0,True,MANY_ABNORMAL_PAGES
11,704,767,1441792,484,0.3692626953125,520,0.396728515625,256,7.998617189774764,132,575,0.438690185546875,0.7659912109375,False,False,64,0,0,True,MANY_ABNORMAL_PAGES
12,768,831,1572864,512,0.390625,522,0.39825439453125,256,7.998411978158174,201,582,0.44403076171875,0.78887939453125,False,False,64,0,0,True,MANY_ABNORMAL_PAGES
13,832,895,1703936,514,0.39215087890625,486,0.37078857421875,256,7.998588195104808,57,590,0.45013427734375,0.762939453125,False,False,64,0,0,True,MANY_ABNORMAL_PAGES
14,896,959,1835008,510,0.38909912109375,478,0.36468505859375,256,7.998536457626313,193,579,0.441741943359375,0.7537841796875,False,False,64,0,0,True,MANY_ABNORMAL_PAGES
15,960,1023,1966080,522,0.39825439453125,509,0.388336181640625,256,7.998704048873635,203,582,0.44403076171875,0.786590576171875,False,False,64,0,0,True,MANY_ABNORMAL_PAGES
16,1024,1087,2097152,525,0.400543212890625,461,0.351715087890625,256,7.9988955728226605,125,565,0.431060791015625,0.75225830078125,False,False,64,0,0,True,MANY_ABNORMAL_PAGES
17,1088,1151,2228224,507,0.386810302734375,532,0.4058837890625,256,7.998443408483709,78,592,0.45166015625,0.792694091796875,False,False,64,0,0,True,MANY_ABNORMAL_PAGES
18,1152,1215,2359296,491,0.374603271484375,505,0.385284423828125,256,7.9984150467357855,233,570,0.43487548828125,0.7598876953125,False,False,64,0,0,True,MANY_ABNORMAL_PAGES
19,1216,1279,2490368,517,0.394439697265625,500,0.3814697265625,256,7.998594084406241,59,569,0.434112548828125,0.775909423828125,False,False,64,0,0,True,MANY_ABNORMAL_PAGES
20,1280,1343,2621440,490,0.37384033203125,499,0.380706787109375,256,7.998496542239685,116,579,0.441741943359375,0.754547119140625,False,False,64,0,0,True,MANY_ABNORMAL_PAGES
21,1344,1407,2752512,529,0.403594970703125,488,0.372314453125,256,7.9985943421606365,151,571,0.435638427734375,0.775909423828125,False,False,64,0,0,True,MANY_ABNORMAL_PAGES
22,1408,1471,2883584,540,0.4119873046875,518,0.39520263671875,256,7.998421965124077,143,576,0.439453125,0.80718994140625,False,False,64,0,0,True,MANY_ABNORMAL_PAGES
23,1472,1535,3014656,504,0.384521484375,519,0.395965576171875,256,7.998593651173376,128,573,0.437164306640625,0.780487060546875,False,False,64,0,0,True,MANY_ABNORMAL_PAGES
24,1536,1599,3145728,510,0.38909912109375,505,0.385284423828125,256,7.998559179915543,59,581,0.443267822265625,0.774383544921875,False,False,64,0,0,True,MANY_ABNORMAL_PAGES
25,1600,1663,3276800,521,0.397491455078125,494,0.37689208984375,256,7.998541038541158,229,582,0.44403076171875,0.774383544921875,False,False,64,0,0,True,MANY_ABNORMAL_PAGES
26,1664,1727,3407872,484,0.3692626953125,542,0.41351318359375,256,7.998463981136368,232,568,0.433349609375,0.78277587890625,False,False,64,0,0,True,MANY_ABNORMAL_PAGES
27,1728,1791,3538944,499,0.380706787109375,473,0.360870361328125,256,7.998638033958042,216,570,0.43487548828125,0.7415771484375,False,False,64,0,0,True,MANY_ABNORMAL_PAGES
28,1792,1855,3670016,535,0.408172607421875,520,0.396728515625,256,7.998594335669654,167,579,0.441741943359375,0.804901123046875,False,False,64,0,0,True,MANY_ABNORMAL_PAGES
29,1856,1919,3801088,482,0.36773681640625,498,0.37994384765625,256,7.998520849834937,196,575,0.438690185546875,0.7476806640625,False,False,64,0,0,True,MANY_ABNORMAL_PAGES
30,1920,1983,3932160,531,0.405120849609375,524,0.3997802734375,256,7.998494384521664,89,603,0.460052490234375,0.804901123046875,False,False,64,0,0,True,MANY_ABNORMAL_PAGES
31,1984,2047,4063232,533,0.406646728515625,535,0.408172607421875,256,7.998601353265665,118,568,0.433349609375,0.8148193359375,False,False,64,0,0,True,MANY_ABNORMAL_PAGES
32,2048,2111,4194304,523,0.399017333984375,460,0.3509521484375,256,7.998593599564723,64,574,0.43792724609375,0.749969482421875,False,False,64,0,0,True,MANY_ABNORMAL_PAGES
33,2112,2175,4325376,502,0.38299560546875,499,0.380706787109375,256,7.998482271244611,179,579,0.441741943359375,0.763702392578125,False,False,64,0,0,True,MANY_ABNORMAL_PAGES
34,2176,2239,4456448,525,0.400543212890625,472,0.360107421875,256,7.998492260870116,127,580,0.4425048828125,0.760650634765625,False,False,64,0,0,True,MANY_ABNORMAL_PAGES
35,2240,2303,4587520,559,0.426483154296875,587,0.447845458984375,256,7.99819927273057,0,587,0.447845458984375,0.87432861328125,False,False,64,0,0,True,MANY_ABNORMAL_PAGES
36,2304,2367,4718592,549,0.418853759765625,551,0.420379638671875,256,7.9985459078067045,206,577,0.440216064453125,0.8392333984375,False,False,64,0,0,True,MANY_ABNORMAL_PAGES
37,2368,2431,4849664,523,0.399017333984375,586,0.44708251953125,256,7.998605522061614,0,586,0.44708251953125,0.846099853515625,False,False,64,0,0,True,MANY_ABNORMAL_PAGES
38,2432,2495,4980736,534,0.40740966796875,596,0.4547119140625,256,7.99861767798064,0,596,0.4547119140625,0.86212158203125,False,False,64,0,0,True,MANY_ABNORMAL_PAGES
39,2496,2559,5111808,465,0.354766845703125,534,0.40740966796875,256,7.998375650824623,239,586,0.44708251953125,0.762176513671875,False,False,64,0,0,True,MANY_ABNORMAL_PAGES
40,2560,2623,5242880,502,0.38299560546875,536,0.408935546875,256,7.998717747922016,197,595,0.453948974609375,0.79193115234375,False,False,64,0,0,True,MANY_ABNORMAL_PAGES
41,2624,2687,5373952,500,0.3814697265625,475,0.362396240234375,256,7.998617802697206,185,580,0.4425048828125,0.743865966796875,False,False,64,0,0,True,MANY_ABNORMAL_PAGES
42,2688,2751,5505024,553,0.421905517578125,505,0.385284423828125,256,7.9986656746125,198,590,0.45013427734375,0.80718994140625,False,False,64,0,0,True,MANY_ABNORMAL_PAGES
43,2752,2815,5636096,492,0.3753662109375,496,0.37841796875,256,7.998563168408325,85,565,0.431060791015625,0.7537841796875,False,False,64,0,0,True,MANY_ABNORMAL_PAGES
44,2816,2879,5767168,526,0.40130615234375,544,0.4150390625,256,7.9986821105236015,143,576,0.439453125,0.81634521484375,False,False,64,0,0,True,MANY_ABNORMAL_PAGES
45,2880,2943,5898240,514,0.39215087890625,481,0.366973876953125,256,7.998689030331428,129,578,0.44097900390625,0.759124755859375,False,False,64,0,0,True,MANY_ABNORMAL_PAGES
46,2944,3007,6029312,542,0.41351318359375,571,0.435638427734375,256,7.998664618929449,0,571,0.435638427734375,0.849151611328125,False,False,64,0,0,True,MANY_ABNORMAL_PAGES
47,3008,3071,6160384,500,0.3814697265625,579,0.441741943359375,256,7.99855678450384,109,582,0.44403076171875,0.823211669921875,False,False,64,0,0,True,MANY_ABNORMAL_PAGES
48,3072,3135,6291456,530,0.40435791015625,603,0.460052490234375,256,7.998451172729322,0,603,0.460052490234375,0.864410400390625,False,False,64,0,0,True,MANY_ABNORMAL_PAGES
49,3136,3199,6422528,523,0.399017333984375,640,0.48828125,256,7.998419607477644,0,640,0.48828125,0.887298583984375,False,False,64,0,0,True,MANY_ABNORMAL_PAGES
50,3200,3263,6553600,549,0.418853759765625,560,0.42724609375,256,7.998325915675616,178,614,0.46844482421875,0.846099853515625,False,False,64,0,0,True,MANY_ABNORMAL_PAGES
51,3264,3327,6684672,503,0.383758544921875,589,0.449371337890625,256,7.998526318284265,0,589,0.449371337890625,0.8331298828125,False,False,64,0,0,True,MANY_ABNORMAL_PAGES
52,3328,3391,6815744,501,0.382232666015625,538,0.41046142578125,256,7.998445950252416,175,570,0.43487548828125,0.792694091796875,False,False,64,0,0,True,MANY_ABNORMAL_PAGES
53,3392,3455,6946816,505,0.385284423828125,538,0.41046142578125,256,7.998545997976174,138,568,0.433349609375,0.795745849609375,False,False,64,0,0,True,MANY_ABNORMAL_PAGES
54,3456,3519,7077888,544,0.4150390625,534,0.40740966796875,256,7.998547329690356,137,598,0.45623779296875,0.82244873046875,False,False,64,0,0,True,MANY_ABNORMAL_PAGES
55,3520,3583,7208960,491,0.374603271484375,593,0.452423095703125,256,7.99857736751697,0,593,0.452423095703125,0.8270263671875,False,False,64,0,0,True,MANY_ABNORMAL_PAGES
56,3584,3647,7340032,518,0.39520263671875,564,0.4302978515625,256,7.998519158990192,138,589,0.449371337890625,0.82550048828125,False,False,64,0,0,True,MANY_ABNORMAL_PAGES
57,3648,3711,7471104,497,0.379180908203125,615,0.469207763671875,256,7.998545000391646,0,615,0.469207763671875,0.848388671875,False,False,64,0,0,True,MANY_ABNORMAL_PAGES
58,3712,3775,7602176,493,0.376129150390625,579,0.441741943359375,256,7.9984876281096975,108,581,0.443267822265625,0.81787109375,False,False,64,0,0,True,MANY_ABNORMAL_PAGES
59,3776,3839,7733248,520,0.396728515625,567,0.432586669921875,256,7.998565713974703,250,587,0.447845458984375,0.829315185546875,False,False,64,0,0,True,MANY_ABNORMAL_PAGES
60,3840,3903,7864320,551,0.420379638671875,550,0.41961669921875,256,7.998579502478691,46,576,0.439453125,0.839996337890625,False,False,64,0,0,True,MANY_ABNORMAL_PAGES
61,3904,3967,7995392,512,0.390625,555,0.423431396484375,256,7.998626002437127,160,568,0.433349609375,0.814056396484375,False,False,64,0,0,True,MANY_ABNORMAL_PAGES
62,3968,4031,8126464,527,0.402069091796875,540,0.4119873046875,256,7.998509837565032,52,574,0.43792724609375,0.814056396484375,False,False,64,0,0,True,MANY_ABNORMAL_PAGES
63,4032,4095,8257536,464,0.35400390625,563,0.429534912109375,256,7.998618741704237,11,575,0.438690185546875,0.783538818359375,False,False,64,0,0,True,MANY_ABNORMAL_PAGES
64,4096,4159,8388608,562,0.42877197265625,493,0.376129150390625,256,7.998562815038523,229,598,0.45623779296875,0.804901123046875,False,False,64,0,0,True,MANY_ABNORMAL_PAGES
65,4160,4223,8519680,499,0.380706787109375,519,0.395965576171875,256,7.998746882407703,204,592,0.45166015625,0.77667236328125,False,False,64,0,0,True,MANY_ABNORMAL_PAGES
66,4224,4287,8650752,516,0.3936767578125,530,0.40435791015625,256,7.998494698647823,232,580,0.4425048828125,0.79803466796875,False,False,64,0,0,True,MANY_ABNORMAL_PAGES
67,4288,4351,8781824,525,0.400543212890625,606,0.46234130859375,256,7.998528989562079,0,606,0.46234130859375,0.862884521484375,False,False,64,0,0,True,MANY_ABNORMAL_PAGES
68,4352,4415,8912896,468,0.3570556640625,547,0.417327880859375,256,7.998452526160356,162,597,0.455474853515625,0.774383544921875,False,False,64,0,0,True,MANY_ABNORMAL_PAGES
69,4416,4479,9043968,550,0.41961669921875,544,0.4150390625,256,7.998685255306587,93,565,0.431060791015625,0.83465576171875,False,False,64,0,0,True,MANY_ABNORMAL_PAGES
70,4480,4543,9175040,480,0.3662109375,566,0.43182373046875,256,7.998612938909067,161,571,0.435638427734375,0.79803466796875,False,False,64,0,0,True,MANY_ABNORMAL_PAGES
71,4544,4607,9306112,488,0.372314453125,542,0.41351318359375,256,7.998818413707614,130,566,0.43182373046875,0.78582763671875,False,False,64,0,0,True,MANY_ABNORMAL_PAGES
72,4608,4671,9437184,538,0.41046142578125,581,0.443267822265625,256,7.998658899234017,39,587,0.447845458984375,0.853729248046875,False,False,64,0,0,True,MANY_ABNORMAL_PAGES
73,4672,4735,9568256,526,0.40130615234375,630,0.48065185546875,256,7.998636852371598,0,630,0.48065185546875,0.8819580078125,False,False,64,0,0,True,MANY_ABNORMAL_PAGES
74,4736,4799,9699328,508,0.3875732421875,612,0.4669189453125,256,7.998523791988321,0,612,0.4669189453125,0.8544921875,False,False,64,0,0,True,MANY_ABNORMAL_PAGES
75,4800,4863,9830400,502,0.38299560546875,585,0.446319580078125,256,7.9984650069858585,0,585,0.446319580078125,0.829315185546875,False,False,64,0,0,True,MANY_ABNORMAL_PAGES
76,4864,4927,9961472,489,0.373077392578125,561,0.428009033203125,256,7.998475688488711,220,584,0.445556640625,0.80108642578125,False,False,64,0,0,True,MANY_ABNORMAL_PAGES
77,4928,4991,10092544,535,0.408172607421875,551,0.420379638671875,256,7.998705851800419,8,567,0.432586669921875,0.82855224609375,False,False,64,0,0,True,MANY_ABNORMAL_PAGES
78,4992,5055,10223616,486,0.37078857421875,574,0.43792724609375,256,7.998558874123551,0,574,0.43792724609375,0.8087158203125,False,False,64,0,0,True,MANY_ABNORMAL_PAGES
79,5056,5119,10354688,517,0.394439697265625,533,0.406646728515625,256,7.9986172743170485,35,572,0.4364013671875,0.80108642578125,False,False,64,0,0,True,MANY_ABNORMAL_PAGES
80,5120,5183,10485760,547,0.417327880859375,571,0.435638427734375,256,7.998598121476078,250,572,0.4364013671875,0.85296630859375,False,False,64,0,0,True,MANY_ABNORMAL_PAGES
81,5184,5247,10616832,515,0.392913818359375,577,0.440216064453125,256,7.9985386315837355,195,581,0.443267822265625,0.8331298828125,False,False,64,0,0,True,MANY_ABNORMAL_PAGES
82,5248,5311,10747904,506,0.38604736328125,544,0.4150390625,256,7.998579934151086,188,572,0.4364013671875,0.80108642578125,False,False,64,0,0,True,MANY_ABNORMAL_PAGES
83,5312,5375,10878976,497,0.379180908203125,559,0.426483154296875,256,7.998598286034084,205,568,0.433349609375,0.8056640625,False,False,64,0,0,True,MANY_ABNORMAL_PAGES
84,5376,5439,11010048,501,0.382232666015625,590,0.45013427734375,256,7.998478735686223,0,590,0.45013427734375,0.832366943359375,False,False,64,0,0,True,MANY_ABNORMAL_PAGES
85,5440,5503,11141120,488,0.372314453125,554,0.42266845703125,256,7.998719144324898,230,574,0.43792724609375,0.79498291015625,False,False,64,0,0,True,MANY_ABNORMAL_PAGES
86,5504,5567,11272192,510,0.38909912109375,569,0.434112548828125,256,7.9986511474440825,78,579,0.441741943359375,0.823211669921875,False,False,64,0,0,True,MANY_ABNORMAL_PAGES
87,5568,5631,11403264,518,0.39520263671875,561,0.428009033203125,256,7.998620318932229,192,573,0.437164306640625,0.823211669921875,False,False,64,0,0,True,MANY_ABNORMAL_PAGES
88,5632,5695,11534336,509,0.388336181640625,528,0.40283203125,256,7.998686987795967,79,576,0.439453125,0.791168212890625,False,False,64,0,0,True,MANY_ABNORMAL_PAGES
89,5696,5759,11665408,519,0.395965576171875,581,0.443267822265625,256,7.998568055608889,0,581,0.443267822265625,0.8392333984375,False,False,64,0,0,True,MANY_ABNORMAL_PAGES
90,5760,5823,11796480,519,0.395965576171875,551,0.420379638671875,256,7.998439486071379,112,569,0.434112548828125,0.81634521484375,False,False,64,0,0,True,MANY_ABNORMAL_PAGES
91,5824,5887,11927552,515,0.392913818359375,575,0.438690185546875,256,7.99830478029668,74,617,0.470733642578125,0.83160400390625,False,False,64,0,0,True,MANY_ABNORMAL_PAGES
92,5888,5951,12058624,514,0.39215087890625,547,0.417327880859375,256,7.998400758983486,227,571,0.435638427734375,0.809478759765625,False,False,64,0,0,True,MANY_ABNORMAL_PAGES
93,5952,6015,12189696,502,0.38299560546875,519,0.395965576171875,256,7.998476164738315,2,581,0.443267822265625,0.778961181640625,False,False,64,0,0,True,MANY_ABNORMAL_PAGES
94,6016,6079,12320768,541,0.412750244140625,560,0.42724609375,256,7.9985102995706825,90,583,0.444793701171875,0.839996337890625,False,False,64,0,0,True,MANY_ABNORMAL_PAGES
95,6080,6143,12451840,492,0.3753662109375,545,0.415802001953125,256,7.998646593326772,64,573,0.437164306640625,0.791168212890625,False,False,64,0,0,True,MANY_ABNORMAL_PAGES
96,6144,6207,12582912,540,0.4119873046875,516,0.3936767578125,256,7.998569886242121,112,569,0.434112548828125,0.8056640625,False,False,64,0,0,True,MANY_ABNORMAL_PAGES
97,6208,6271,12713984,535,0.408172607421875,566,0.43182373046875,256,7.998653009917198,45,572,0.4364013671875,0.839996337890625,False,False,64,0,0,True,MANY_ABNORMAL_PAGES
98,6272,6335,12845056,480,0.3662109375,553,0.421905517578125,256,7.998550226646583,74,588,0.4486083984375,0.788116455078125,False,False,64,0,0,True,MANY_ABNORMAL_PAGES
99,6336,6399,12976128,488,0.372314453125,548,0.4180908203125,256,7.998347329917299,198,585,0.446319580078125,0.7904052734375,False,False,64,0,0,True,MANY_ABNORMAL_PAGES
100,6400,6463,13107200,522,0.39825439453125,555,0.423431396484375,256,7.998741606160861,53,564,0.4302978515625,0.821685791015625,False,False,64,0,0,True,MANY_ABNORMAL_PAGES
101,6464,6527,13238272,495,0.377655029296875,549,0.418853759765625,256,7.998435323311511,151,585,0.446319580078125,0.7965087890625,False,False,64,0,0,True,MANY_ABNORMAL_PAGES
102,6528,6591,13369344,540,0.4119873046875,580,0.4425048828125,256,7.998349587772622,0,580,0.4425048828125,0.8544921875,False,False,64,0,0,True,MANY_ABNORMAL_PAGES
103,6592,6655,13500416,509,0.388336181640625,567,0.432586669921875,256,7.998699328547884,141,573,0.437164306640625,0.8209228515625,False,False,64,0,0,True,MANY_ABNORMAL_PAGES
104,6656,6719,13631488,515,0.392913818359375,564,0.4302978515625,256,7.998501323053451,134,572,0.4364013671875,0.823211669921875,False,False,64,0,0,True,MANY_ABNORMAL_PAGES
105,6720,6783,13762560,521,0.397491455078125,586,0.44708251953125,256,7.998438350867046,0,586,0.44708251953125,0.844573974609375,False,False,64,0,0,True,MANY_ABNORMAL_PAGES
106,6784,6847,13893632,524,0.3997802734375,565,0.431060791015625,256,7.998685386123761,206,573,0.437164306640625,0.830841064453125,False,False,64,0,0,True,MANY_ABNORMAL_PAGES
107,6848,6911,14024704,523,0.399017333984375,626,0.47760009765625,256,7.9984617423597575,0,626,0.47760009765625,0.876617431640625,False,False,64,0,0,True,MANY_ABNORMAL_PAGES
108,6912,6975,14155776,545,0.415802001953125,570,0.43487548828125,256,7.998547940544149,159,572,0.4364013671875,0.850677490234375,False,False,64,0,0,True,MANY_ABNORMAL_PAGES
109,6976,7039,14286848,484,0.3692626953125,587,0.447845458984375,256,7.9986823238036555,0,587,0.447845458984375,0.817108154296875,False,False,64,0,0,True,MANY_ABNORMAL_PAGES
110,7040,7103,14417920,468,0.3570556640625,579,0.441741943359375,256,7.998326140708879,254,586,0.44708251953125,0.798797607421875,False,False,64,0,0,True,MANY_ABNORMAL_PAGES
111,7104,7167,14548992,499,0.380706787109375,552,0.421142578125,256,7.998561760394937,103,582,0.44403076171875,0.801849365234375,False,False,64,0,0,True,MANY_ABNORMAL_PAGES
112,7168,7231,14680064,514,0.39215087890625,572,0.4364013671875,256,7.998663714798939,167,588,0.4486083984375,0.82855224609375,False,False,64,0,0,True,MANY_ABNORMAL_PAGES
113,7232,7295,14811136,534,0.40740966796875,568,0.433349609375,256,7.998547439923287,18,602,0.45928955078125,0.84075927734375,False,False,64,0,0,True,MANY_ABNORMAL_PAGES
114,7296,7359,14942208,548,0.4180908203125,541,0.412750244140625,256,7.998643681328142,94,575,0.438690185546875,0.830841064453125,False,False,64,0,0,True,MANY_ABNORMAL_PAGES
115,7360,7423,15073280,531,0.405120849609375,586,0.44708251953125,256,7.998502690317044,0,586,0.44708251953125,0.852203369140625,False,False,64,0,0,True,MANY_ABNORMAL_PAGES
116,7424,7487,15204352,541,0.412750244140625,536,0.408935546875,256,7.998580312416703,190,584,0.445556640625,0.821685791015625,False,False,64,0,0,True,MANY_ABNORMAL_PAGES
117,7488,7551,15335424,500,0.3814697265625,547,0.417327880859375,256,7.998589124047789,212,573,0.437164306640625,0.798797607421875,False,False,64,0,0,True,MANY_ABNORMAL_PAGES
118,7552,7615,15466496,494,0.37689208984375,550,0.41961669921875,256,7.998660380660938,112,563,0.429534912109375,0.7965087890625,False,False,64,0,0,True,MANY_ABNORMAL_PAGES
119,7616,7679,15597568,520,0.396728515625,542,0.41351318359375,256,7.998439614433466,74,573,0.437164306640625,0.81024169921875,False,False,64,0,0,True,MANY_ABNORMAL_PAGES
120,7680,7743,15728640,544,0.4150390625,541,0.412750244140625,256,7.998446059122609,230,588,0.4486083984375,0.827789306640625,False,False,64,0,0,True,MANY_ABNORMAL_PAGES
121,7744,7807,15859712,513,0.391387939453125,583,0.444793701171875,256,7.998706712866419,0,583,0.444793701171875,0.836181640625,False,False,64,0,0,True,MANY_ABNORMAL_PAGES
122,7808,7871,15990784,552,0.421142578125,550,0.41961669921875,256,7.998889934040479,90,565,0.431060791015625,0.84075927734375,False,False,64,0,0,True,MANY_ABNORMAL_PAGES
123,7872,7935,16121856,429,0.327301025390625,506,0.38604736328125,256,7.9985544688604175,210,585,0.446319580078125,0.713348388671875,False,False,64,0,0,True,MANY_ABNORMAL_PAGES
124,7936,7999,16252928,493,0.376129150390625,585,0.446319580078125,256,7.998707842310723,0,585,0.446319580078125,0.82244873046875,False,False,64,0,0,True,MANY_ABNORMAL_PAGES
125,8000,8063,16384000,516,0.3936767578125,561,0.428009033203125,256,7.998514880963429,45,570,0.43487548828125,0.821685791015625,False,False,64,0,0,True,MANY_ABNORMAL_PAGES
126,8064,8127,16515072,509,0.388336181640625,578,0.44097900390625,256,7.998652194488419,0,578,0.44097900390625,0.829315185546875,False,False,64,0,0,True,MANY_ABNORMAL_PAGES
127,8128,8191,16646144,484,0.3692626953125,543,0.414276123046875,256,7.998684434565053,60,578,0.44097900390625,0.783538818359375,False,False,64,0,0,True,MANY_ABNORMAL_PAGES
128,8192,8255,16777216,525,0.400543212890625,541,0.412750244140625,256,7.998575076927033,32,574,0.43792724609375,0.81329345703125,False,False,64,0,0,True,MANY_ABNORMAL_PAGES
129,8256,8319,16908288,519,0.395965576171875,536,0.408935546875,256,7.9989047246753815,127,578,0.44097900390625,0.804901123046875,False,False,64,0,0,True,MANY_ABNORMAL_PAGES
130,8320,8383,17039360,520,0.396728515625,501,0.382232666015625,256,7.998716121646787,90,579,0.441741943359375,0.778961181640625,False,False,64,0,0,True,MANY_ABNORMAL_PAGES
131,8384,8447,17170432,473,0.360870361328125,583,0.444793701171875,256,7.99852243671986,0,583,0.444793701171875,0.8056640625,False,False,64,0,0,True,MANY_ABNORMAL_PAGES
132,8448,8511,17301504,505,0.385284423828125,573,0.437164306640625,256,7.9986307164467405,142,574,0.43792724609375,0.82244873046875,False,False,64,0,0,True,MANY_ABNORMAL_PAGES
133,8512,8575,17432576,524,0.3997802734375,570,0.43487548828125,256,7.998700114658838,117,578,0.44097900390625,0.83465576171875,False,False,64,0,0,True,MANY_ABNORMAL_PAGES
134,8576,8639,17563648,526,0.40130615234375,527,0.402069091796875,256,7.998716323184762,44,572,0.4364013671875,0.803375244140625,False,False,64,0,0,True,MANY_ABNORMAL_PAGES
135,8640,8703,17694720,523,0.399017333984375,560,0.42724609375,256,7.9986446944262335,132,579,0.441741943359375,0.826263427734375,False,False,64,0,0,True,MANY_ABNORMAL_PAGES
136,8704,8767,17825792,534,0.40740966796875,529,0.403594970703125,256,7.998612652305831,171,572,0.4364013671875,0.811004638671875,False,False,64,0,0,True,MANY_ABNORMAL_PAGES
137,8768,8831,17956864,519,0.395965576171875,523,0.399017333984375,256,7.998586150860412,182,586,0.44708251953125,0.79498291015625,False,False,64,0,0,True,MANY_ABNORMAL_PAGES
138,8832,8895,18087936,514,0.39215087890625,594,0.45318603515625,256,7.998425884233503,0,594,0.45318603515625,0.8453369140625,False,False,64,0,0,True,MANY_ABNORMAL_PAGES
139,8896,8959,18219008,521,0.397491455078125,543,0.414276123046875,256,7.9985129433941795,48,576,0.439453125,0.811767578125,False,False,64,0,0,True,MANY_ABNORMAL_PAGES
140,8960,9023,18350080,512,0.390625,582,0.44403076171875,256,7.998632979184422,0,582,0.44403076171875,0.83465576171875,False,False,64,0,0,True,MANY_ABNORMAL_PAGES
141,9024,9087,18481152,541,0.412750244140625,526,0.40130615234375,256,7.998586053102447,128,574,0.43792724609375,0.814056396484375,False,False,64,0,0,True,MANY_ABNORMAL_PAGES
142,9088,9151,18612224,508,0.3875732421875,577,0.440216064453125,256,7.998296993628457,0,577,0.440216064453125,0.827789306640625,False,False,64,0,0,True,MANY_ABNORMAL_PAGES
143,9152,9215,18743296,547,0.417327880859375,556,0.4241943359375,256,7.998803287146942,39,571,0.435638427734375,0.841522216796875,False,False,64,0,0,True,MANY_ABNORMAL_PAGES
144,9216,9279,18874368,526,0.40130615234375,574,0.43792724609375,256,7.998421585520892,200,576,0.439453125,0.8392333984375,False,False,64,0,0,True,MANY_ABNORMAL_PAGES
145,9280,9343,19005440,543,0.414276123046875,554,0.42266845703125,256,7.998630031238328,3,566,0.43182373046875,0.836944580078125,False,False,64,0,0,True,MANY_ABNORMAL_PAGES
146,9344,9407,19136512,518,0.39520263671875,561,0.428009033203125,256,7.998722797646961,0,561,0.428009033203125,0.823211669921875,False,False,64,0,0,True,MANY_ABNORMAL_PAGES
147,9408,9471,19267584,491,0.374603271484375,561,0.428009033203125,256,7.9983759084806705,228,595,0.453948974609375,0.8026123046875,False,False,64,0,0,True,MANY_ABNORMAL_PAGES
148,9472,9535,19398656,496,0.37841796875,621,0.473785400390625,256,7.998483813892202,0,621,0.473785400390625,0.852203369140625,False,False,64,0,0,True,MANY_ABNORMAL_PAGES
149,9536,9599,19529728,487,0.371551513671875,586,0.44708251953125,256,7.998337909121028,0,586,0.44708251953125,0.818634033203125,False,False,64,0,0,True,MANY_ABNORMAL_PAGES
150,9600,9663,19660800,488,0.372314453125,547,0.417327880859375,256,7.998642082590458,28,569,0.434112548828125,0.789642333984375,False,False,64,0,0,True,MANY_ABNORMAL_PAGES
151,9664,9727,19791872,499,0.380706787109375,585,0.446319580078125,256,7.998588595800486,0,585,0.446319580078125,0.8270263671875,False,False,64,0,0,True,MANY_ABNORMAL_PAGES
152,9728,9791,19922944,520,0.396728515625,631,0.481414794921875,256,7.998330107278053,0,631,0.481414794921875,0.878143310546875,False,False,64,0,0,True,MANY_ABNORMAL_PAGES
153,9792,9855,20054016,544,0.4150390625,547,0.417327880859375,256,7.998502449812384,181,599,0.457000732421875,0.832366943359375,False,False,64,0,0,True,MANY_ABNORMAL_PAGES
154,9856,9919,20185088,514,0.39215087890625,584,0.445556640625,256,7.998696001673364,0,584,0.445556640625,0.83770751953125,False,False,64,0,0,True,MANY_ABNORMAL_PAGES
155,9920,9983,20316160,516,0.3936767578125,527,0.402069091796875,256,7.998423570278662,235,593,0.452423095703125,0.795745849609375,False,False,64,0,0,True,MANY_ABNORMAL_PAGES
156,9984,10047,20447232,527,0.402069091796875,575,0.438690185546875,256,7.998664922649199,0,575,0.438690185546875,0.84075927734375,False,False,64,0,0,True,MANY_ABNORMAL_PAGES
157,10048,10111,20578304,508,0.3875732421875,557,0.424957275390625,256,7.998846171592521,154,558,0.42572021484375,0.812530517578125,False,False,64,0,0,True,MANY_ABNORMAL_PAGES
158,10112,10175,20709376,526,0.40130615234375,577,0.440216064453125,256,7.998521918003943,114,593,0.452423095703125,0.841522216796875,False,False,64,0,0,True,MANY_ABNORMAL_PAGES
159,10176,10239,20840448,496,0.37841796875,576,0.439453125,256,7.998434881168142,37,583,0.444793701171875,0.81787109375,False,False,64,0,0,True,MANY_ABNORMAL_PAGES
160,10240,10303,20971520,504,0.384521484375,584,0.445556640625,256,7.998543434210547,0,584,0.445556640625,0.830078125,False,False,64,0,0,True,MANY_ABNORMAL_PAGES
161,10304,10367,21102592,44275,33.779144287109375,558,0.42572021484375,256,6.21468533692948,255,44275,33.779144287109375,34.204864501953125,False,False,64,21,0,True,MANY_ABNORMAL_PAGES
162,10368,10431,21233664,131072,100.0,0,0.0,1,0.0,255,131072,100.0,100.0,True,False,64,64,0,True,ALL_FF
163,10432,10495,21364736,131072,100.0,0,0.0,1,0.0,255,131072,100.0,100.0,True,False,64,64,0,True,ALL_FF
164,10496,10559,21495808,131072,100.0,0,0.0,1,0.0,255,131072,100.0,100.0,True,False,64,64,0,True,ALL_FF
165,10560,10623,21626880,131072,100.0,0,0.0,1,0.0,255,131072,100.0,100.0,True,False,64,64,0,True,ALL_FF
166,10624,10687,21757952,131072,100.0,0,0.0,1,0.0,255,131072,100.0,100.0,True,False,64,64,0,True,ALL_FF
167,10688,10751,21889024,131072,100.0,0,0.0,1,0.0,255,131072,100.0,100.0,True,False,64,64,0,True,ALL_FF
168,10752,10815,22020096,131072,100.0,0,0.0,1,0.0,255,131072,100.0,100.0,True,False,64,64,0,True,ALL_FF
169,10816,10879,22151168,131072,100.0,0,0.0,1,0.0,255,131072,100.0,100.0,True,False,64,64,0,True,ALL_FF
170,10880,10943,22282240,131072,100.0,0,0.0,1,0.0,255,131072,100.0,100.0,True,False,64,64,0,True,ALL_FF
171,10944,11007,22413312,131072,100.0,0,0.0,1,0.0,255,131072,100.0,100.0,True,False,64,64,0,True,ALL_FF
172,11008,11071,22544384,131072,100.0,0,0.0,1,0.0,255,131072,100.0,100.0,True,False,64,64,0,True,ALL_FF
173,11072,11135,22675456,131072,100.0,0,0.0,1,0.0,255,131072,100.0,100.0,True,False,64,64,0,True,ALL_FF
174,11136,11199,22806528,131072,100.0,0,0.0,1,0.0,255,131072,100.0,100.0,True,False,64,64,0,True,ALL_FF
175,11200,11263,22937600,131072,100.0,0,0.0,1,0.0,255,131072,100.0,100.0,True,False,64,64,0,True,ALL_FF
176,11264,11327,23068672,131072,100.0,0,0.0,1,0.0,255,131072,100.0,100.0,True,False,64,64,0,True,ALL_FF
177,11328,11391,23199744,131072,100.0,0,0.0,1,0.0,255,131072,100.0,100.0,True,False,64,64,0,True,ALL_FF
178,11392,11455,23330816,131072,100.0,0,0.0,1,0.0,255,131072,100.0,100.0,True,False,64,64,0,True,ALL_FF
179,11456,11519,23461888,131072,100.0,0,0.0,1,0.0,255,131072,100.0,100.0,True,False,64,64,0,True,ALL_FF
180,11520,11583,23592960,131072,100.0,0,0.0,1,0.0,255,131072,100.0,100.0,True,False,64,64,0,True,ALL_FF
181,11584,11647,23724032,131072,100.0,0,0.0,1,0.0,255,131072,100.0,100.0,True,False,64,64,0,True,ALL_FF
182,11648,11711,23855104,131072,100.0,0,0.0,1,0.0,255,131072,100.0,100.0,True,False,64,64,0,True,ALL_FF
183,11712,11775,23986176,131072,100.0,0,0.0,1,0.0,255,131072,100.0,100.0,True,False,64,64,0,True,ALL_FF
184,11776,11839,24117248,131072,100.0,0,0.0,1,0.0,255,131072,100.0,100.0,True,False,64,64,0,True,ALL_FF
185,11840,11903,24248320,131072,100.0,0,0.0,1,0.0,255,131072,100.0,100.0,True,False,64,64,0,True,ALL_FF
186,11904,11967,24379392,131072,100.0,0,0.0,1,0.0,255,131072,100.0,100.0,True,False,64,64,0,True,ALL_FF
187,11968,12031,24510464,131072,100.0,0,0.0,1,0.0,255,131072,100.0,100.0,True,False,64,64,0,True,ALL_FF
188,12032,12095,24641536,131072,100.0,0,0.0,1,0.0,255,131072,100.0,100.0,True,False,64,64,0,True,ALL_FF
189,12096,12159,24772608,131072,100.0,0,0.0,1,0.0,255,131072,100.0,100.0,True,False,64,64,0,True,ALL_FF
190,12160,12223,24903680,131072,100.0,0,0.0,1,0.0,255,131072,100.0,100.0,True,False,64,64,0,True,ALL_FF
191,12224,12287,25034752,131072,100.0,0,0.0,1,0.0,255,131072,100.0,100.0,True,False,64,64,0,True,ALL_FF
192,12288,12351,25165824,131072,100.0,0,0.0,1,0.0,255,131072,100.0,100.0,True,False,64,64,0,True,ALL_FF
193,12352,12415,25296896,131072,100.0,0,0.0,1,0.0,255,131072,100.0,100.0,True,False,64,64,0,True,ALL_FF
194,12416,12479,25427968,131072,100.0,0,0.0,1,0.0,255,131072,100.0,100.0,True,False,64,64,0,True,ALL_FF
195,12480,12543,25559040,131072,100.0,0,0.0,1,0.0,255,131072,100.0,100.0,True,False,64,64,0,True,ALL_FF
196,12544,12607,25690112,131072,100.0,0,0.0,1,0.0,255,131072,100.0,100.0,True,False,64,64,0,True,ALL_FF
197,12608,12671,25821184,131072,100.0,0,0.0,1,0.0,255,131072,100.0,100.0,True,False,64,64,0,True,ALL_FF
198,12672,12735,25952256,131072,100.0,0,0.0,1,0.0,255,131072,100.0,100.0,True,False,64,64,0,True,ALL_FF
199,12736,12799,26083328,131072,100.0,0,0.0,1,0.0,255,131072,100.0,100.0,True,False,64,64,0,True,ALL_FF
200,12800,12863,26214400,131072,100.0,0,0.0,1,0.0,255,131072,100.0,100.0,True,False,64,64,0,True,ALL_FF
201,12864,12927,26345472,131072,100.0,0,0.0,1,0.0,255,131072,100.0,100.0,True,False,64,64,0,True,ALL_FF
202,12928,12991,26476544,131072,100.0,0,0.0,1,0.0,255,131072,100.0,100.0,True,False,64,64,0,True,ALL_FF
203,12992,13055,26607616,131072,100.0,0,0.0,1,0.0,255,131072,100.0,100.0,True,False,64,64,0,True,ALL_FF
204,13056,13119,26738688,530,0.40435791015625,768,0.5859375,256,7.998127150828902,0,768,0.5859375,0.99029541015625,False,False,64,0,0,True,MANY_ABNORMAL_PAGES
205,13120,13183,26869760,503,0.383758544921875,504,0.384521484375,256,7.998596208542712,210,589,0.449371337890625,0.768280029296875,False,False,64,0,0,True,MANY_ABNORMAL_PAGES
206,13184,13247,27000832,501,0.382232666015625,464,0.35400390625,256,7.9985274327415254,69,581,0.443267822265625,0.736236572265625,False,False,64,0,0,True,MANY_ABNORMAL_PAGES
207,13248,13311,27131904,535,0.408172607421875,499,0.380706787109375,256,7.998672127119255,236,563,0.429534912109375,0.78887939453125,False,False,64,0,0,True,MANY_ABNORMAL_PAGES
208,13312,13375,27262976,524,0.3997802734375,504,0.384521484375,256,7.998535957653764,116,574,0.43792724609375,0.7843017578125,False,False,64,0,0,True,MANY_ABNORMAL_PAGES
209,13376,13439,27394048,541,0.412750244140625,552,0.421142578125,256,7.998694820829376,63,577,0.440216064453125,0.833892822265625,False,False,64,0,0,True,MANY_ABNORMAL_PAGES
210,13440,13503,27525120,539,0.411224365234375,496,0.37841796875,256,7.998506606232656,105,568,0.433349609375,0.789642333984375,False,False,64,0,0,True,MANY_ABNORMAL_PAGES
211,13504,13567,27656192,484,0.3692626953125,520,0.396728515625,256,7.998617189774764,132,575,0.438690185546875,0.7659912109375,False,False,64,0,0,True,MANY_ABNORMAL_PAGES
212,13568,13631,27787264,512,0.390625,522,0.39825439453125,256,7.998411978158174,201,582,0.44403076171875,0.78887939453125,False,False,64,0,0,True,MANY_ABNORMAL_PAGES
213,13632,13695,27918336,514,0.39215087890625,486,0.37078857421875,256,7.998588195104808,57,590,0.45013427734375,0.762939453125,False,False,64,0,0,True,MANY_ABNORMAL_PAGES
214,13696,13759,28049408,510,0.38909912109375,478,0.36468505859375,256,7.998536457626313,193,579,0.441741943359375,0.7537841796875,False,False,64,0,0,True,MANY_ABNORMAL_PAGES
215,13760,13823,28180480,522,0.39825439453125,509,0.388336181640625,256,7.998704048873635,203,582,0.44403076171875,0.786590576171875,False,False,64,0,0,True,MANY_ABNORMAL_PAGES
216,13824,13887,28311552,525,0.400543212890625,461,0.351715087890625,256,7.9988955728226605,125,565,0.431060791015625,0.75225830078125,False,False,64,0,0,True,MANY_ABNORMAL_PAGES
217,13888,13951,28442624,507,0.386810302734375,532,0.4058837890625,256,7.998443408483709,78,592,0.45166015625,0.792694091796875,False,False,64,0,0,True,MANY_ABNORMAL_PAGES
218,13952,14015,28573696,491,0.374603271484375,505,0.385284423828125,256,7.9984150467357855,233,570,0.43487548828125,0.7598876953125,False,False,64,0,0,True,MANY_ABNORMAL_PAGES
219,14016,14079,28704768,517,0.394439697265625,500,0.3814697265625,256,7.998594084406241,59,569,0.434112548828125,0.775909423828125,False,False,64,0,0,True,MANY_ABNORMAL_PAGES
220,14080,14143,28835840,490,0.37384033203125,499,0.380706787109375,256,7.998496542239685,116,579,0.441741943359375,0.754547119140625,False,False,64,0,0,True,MANY_ABNORMAL_PAGES
221,14144,14207,28966912,529,0.403594970703125,488,0.372314453125,256,7.9985943421606365,151,571,0.435638427734375,0.775909423828125,False,False,64,0,0,True,MANY_ABNORMAL_PAGES
222,14208,14271,29097984,540,0.4119873046875,518,0.39520263671875,256,7.998421965124077,143,576,0.439453125,0.80718994140625,False,False,64,0,0,True,MANY_ABNORMAL_PAGES
223,14272,14335,29229056,504,0.384521484375,519,0.395965576171875,256,7.998593651173376,128,573,0.437164306640625,0.780487060546875,False,False,64,0,0,True,MANY_ABNORMAL_PAGES
224,14336,14399,29360128,510,0.38909912109375,505,0.385284423828125,256,7.998559179915543,59,581,0.443267822265625,0.774383544921875,False,False,64,0,0,True,MANY_ABNORMAL_PAGES
225,14400,14463,29491200,521,0.397491455078125,494,0.37689208984375,256,7.998541038541158,229,582,0.44403076171875,0.774383544921875,False,False,64,0,0,True,MANY_ABNORMAL_PAGES
226,14464,14527,29622272,484,0.3692626953125,542,0.41351318359375,256,7.998463981136368,232,568,0.433349609375,0.78277587890625,False,False,64,0,0,True,MANY_ABNORMAL_PAGES
227,14528,14591,29753344,499,0.380706787109375,473,0.360870361328125,256,7.998638033958042,216,570,0.43487548828125,0.7415771484375,False,False,64,0,0,True,MANY_ABNORMAL_PAGES
228,14592,14655,29884416,535,0.408172607421875,520,0.396728515625,256,7.998594335669654,167,579,0.441741943359375,0.804901123046875,False,False,64,0,0,True,MANY_ABNORMAL_PAGES
229,14656,14719,30015488,482,0.36773681640625,498,0.37994384765625,256,7.998520849834937,196,575,0.438690185546875,0.7476806640625,False,False,64,0,0,True,MANY_ABNORMAL_PAGES
230,14720,14783,30146560,531,0.405120849609375,524,0.3997802734375,256,7.998494384521664,89,603,0.460052490234375,0.804901123046875,False,False,64,0,0,True,MANY_ABNORMAL_PAGES
231,14784,14847,30277632,533,0.406646728515625,535,0.408172607421875,256,7.998601353265665,118,568,0.433349609375,0.8148193359375,False,False,64,0,0,True,MANY_ABNORMAL_PAGES
232,14848,14911,30408704,523,0.399017333984375,460,0.3509521484375,256,7.998593599564723,64,574,0.43792724609375,0.749969482421875,False,False,64,0,0,True,MANY_ABNORMAL_PAGES
233,14912,14975,30539776,502,0.38299560546875,499,0.380706787109375,256,7.998482271244611,179,579,0.441741943359375,0.763702392578125,False,False,64,0,0,True,MANY_ABNORMAL_PAGES
234,14976,15039,30670848,525,0.400543212890625,472,0.360107421875,256,7.998492260870116,127,580,0.4425048828125,0.760650634765625,False,False,64,0,0,True,MANY_ABNORMAL_PAGES
235,15040,15103,30801920,559,0.426483154296875,587,0.447845458984375,256,7.99819927273057,0,587,0.447845458984375,0.87432861328125,False,False,64,0,0,True,MANY_ABNORMAL_PAGES
236,15104,15167,30932992,549,0.418853759765625,551,0.420379638671875,256,7.9985459078067045,206,577,0.440216064453125,0.8392333984375,False,False,64,0,0,True,MANY_ABNORMAL_PAGES
237,15168,15231,31064064,523,0.399017333984375,586,0.44708251953125,256,7.998605522061614,0,586,0.44708251953125,0.846099853515625,False,False,64,0,0,True,MANY_ABNORMAL_PAGES
238,15232,15295,31195136,534,0.40740966796875,596,0.4547119140625,256,7.99861767798064,0,596,0.4547119140625,0.86212158203125,False,False,64,0,0,True,MANY_ABNORMAL_PAGES
239,15296,15359,31326208,465,0.354766845703125,534,0.40740966796875,256,7.998375650824623,239,586,0.44708251953125,0.762176513671875,False,False,64,0,0,True,MANY_ABNORMAL_PAGES
240,15360,15423,31457280,502,0.38299560546875,536,0.408935546875,256,7.998717747922016,197,595,0.453948974609375,0.79193115234375,False,False,64,0,0,True,MANY_ABNORMAL_PAGES
241,15424,15487,31588352,500,0.3814697265625,475,0.362396240234375,256,7.998617802697206,185,580,0.4425048828125,0.743865966796875,False,False,64,0,0,True,MANY_ABNORMAL_PAGES
242,15488,15551,31719424,553,0.421905517578125,505,0.385284423828125,256,7.9986656746125,198,590,0.45013427734375,0.80718994140625,False,False,64,0,0,True,MANY_ABNORMAL_PAGES
243,15552,15615,31850496,492,0.3753662109375,496,0.37841796875,256,7.998563168408325,85,565,0.431060791015625,0.7537841796875,False,False,64,0,0,True,MANY_ABNORMAL_PAGES
244,15616,15679,31981568,526,0.40130615234375,544,0.4150390625,256,7.9986821105236015,143,576,0.439453125,0.81634521484375,False,False,64,0,0,True,MANY_ABNORMAL_PAGES
245,15680,15743,32112640,514,0.39215087890625,481,0.366973876953125,256,7.998689030331428,129,578,0.44097900390625,0.759124755859375,False,False,64,0,0,True,MANY_ABNORMAL_PAGES
246,15744,15807,32243712,542,0.41351318359375,571,0.435638427734375,256,7.998664618929449,0,571,0.435638427734375,0.849151611328125,False,False,64,0,0,True,MANY_ABNORMAL_PAGES
247,15808,15871,32374784,500,0.3814697265625,579,0.441741943359375,256,7.99855678450384,109,582,0.44403076171875,0.823211669921875,False,False,64,0,0,True,MANY_ABNORMAL_PAGES
248,15872,15935,32505856,530,0.40435791015625,603,0.460052490234375,256,7.998451172729322,0,603,0.460052490234375,0.864410400390625,False,False,64,0,0,True,MANY_ABNORMAL_PAGES
249,15936,15999,32636928,523,0.399017333984375,640,0.48828125,256,7.998419607477644,0,640,0.48828125,0.887298583984375,False,False,64,0,0,True,MANY_ABNORMAL_PAGES
250,16000,16063,32768000,549,0.418853759765625,560,0.42724609375,256,7.998325915675616,178,614,0.46844482421875,0.846099853515625,False,False,64,0,0,True,MANY_ABNORMAL_PAGES
251,16064,16127,32899072,503,0.383758544921875,589,0.449371337890625,256,7.998526318284265,0,589,0.449371337890625,0.8331298828125,False,False,64,0,0,True,MANY_ABNORMAL_PAGES
252,16128,16191,33030144,501,0.382232666015625,538,0.41046142578125,256,7.998445950252416,175,570,0.43487548828125,0.792694091796875,False,False,64,0,0,True,MANY_ABNORMAL_PAGES
253,16192,16255,33161216,505,0.385284423828125,538,0.41046142578125,256,7.998545997976174,138,568,0.433349609375,0.795745849609375,False,False,64,0,0,True,MANY_ABNORMAL_PAGES
254,16256,16319,33292288,544,0.4150390625,534,0.40740966796875,256,7.998547329690356,137,598,0.45623779296875,0.82244873046875,False,False,64,0,0,True,MANY_ABNORMAL_PAGES
255,16320,16383,33423360,491,0.374603271484375,593,0.452423095703125,256,7.99857736751697,0,593,0.452423095703125,0.8270263671875,False,False,64,0,0,True,MANY_ABNORMAL_PAGES
256,16384,16447,33554432,518,0.39520263671875,564,0.4302978515625,256,7.998519158990192,138,589,0.449371337890625,0.82550048828125,False,False,64,0,0,True,MANY_ABNORMAL_PAGES
257,16448,16511,33685504,497,0.379180908203125,615,0.469207763671875,256,7.998545000391646,0,615,0.469207763671875,0.848388671875,False,False,64,0,0,True,MANY_ABNORMAL_PAGES
258,16512,16575,33816576,493,0.376129150390625,579,0.441741943359375,256,7.9984876281096975,108,581,0.443267822265625,0.81787109375,False,False,64,0,0,True,MANY_ABNORMAL_PAGES
259,16576,16639,33947648,520,0.396728515625,567,0.432586669921875,256,7.998565713974703,250,587,0.447845458984375,0.829315185546875,False,False,64,0,0,True,MANY_ABNORMAL_PAGES
260,16640,16703,34078720,551,0.420379638671875,550,0.41961669921875,256,7.998579502478691,46,576,0.439453125,0.839996337890625,False,False,64,0,0,True,MANY_ABNORMAL_PAGES
261,16704,16767,34209792,512,0.390625,555,0.423431396484375,256,7.998626002437127,160,568,0.433349609375,0.814056396484375,False,False,64,0,0,True,MANY_ABNORMAL_PAGES
262,16768,16831,34340864,527,0.402069091796875,540,0.4119873046875,256,7.998509837565032,52,574,0.43792724609375,0.814056396484375,False,False,64,0,0,True,MANY_ABNORMAL_PAGES
263,16832,16895,34471936,464,0.35400390625,563,0.429534912109375,256,7.998618741704237,11,575,0.438690185546875,0.783538818359375,False,False,64,0,0,True,MANY_ABNORMAL_PAGES
264,16896,16959,34603008,562,0.42877197265625,493,0.376129150390625,256,7.998562815038523,229,598,0.45623779296875,0.804901123046875,False,False,64,0,0,True,MANY_ABNORMAL_PAGES
265,16960,17023,34734080,499,0.380706787109375,519,0.395965576171875,256,7.998746882407703,204,592,0.45166015625,0.77667236328125,False,False,64,0,0,True,MANY_ABNORMAL_PAGES
266,17024,17087,34865152,516,0.3936767578125,530,0.40435791015625,256,7.998494698647823,232,580,0.4425048828125,0.79803466796875,False,False,64,0,0,True,MANY_ABNORMAL_PAGES
267,17088,17151,34996224,525,0.400543212890625,606,0.46234130859375,256,7.998528989562079,0,606,0.46234130859375,0.862884521484375,False,False,64,0,0,True,MANY_ABNORMAL_PAGES
268,17152,17215,35127296,468,0.3570556640625,547,0.417327880859375,256,7.998452526160356,162,597,0.455474853515625,0.774383544921875,False,False,64,0,0,True,MANY_ABNORMAL_PAGES
269,17216,17279,35258368,550,0.41961669921875,544,0.4150390625,256,7.998685255306587,93,565,0.431060791015625,0.83465576171875,False,False,64,0,0,True,MANY_ABNORMAL_PAGES
270,17280,17343,35389440,480,0.3662109375,566,0.43182373046875,256,7.998612938909067,161,571,0.435638427734375,0.79803466796875,False,False,64,0,0,True,MANY_ABNORMAL_PAGES
271,17344,17407,35520512,488,0.372314453125,542,0.41351318359375,256,7.998818413707614,130,566,0.43182373046875,0.78582763671875,False,False,64,0,0,True,MANY_ABNORMAL_PAGES
272,17408,17471,35651584,538,0.41046142578125,581,0.443267822265625,256,7.998658899234017,39,587,0.447845458984375,0.853729248046875,False,False,64,0,0,True,MANY_ABNORMAL_PAGES
273,17472,17535,35782656,526,0.40130615234375,630,0.48065185546875,256,7.998636852371598,0,630,0.48065185546875,0.8819580078125,False,False,64,0,0,True,MANY_ABNORMAL_PAGES
274,17536,17599,35913728,508,0.3875732421875,612,0.4669189453125,256,7.998523791988321,0,612,0.4669189453125,0.8544921875,False,False,64,0,0,True,MANY_ABNORMAL_PAGES
275,17600,17663,36044800,502,0.38299560546875,585,0.446319580078125,256,7.9984650069858585,0,585,0.446319580078125,0.829315185546875,False,False,64,0,0,True,MANY_ABNORMAL_PAGES
276,17664,17727,36175872,489,0.373077392578125,561,0.428009033203125,256,7.998475688488711,220,584,0.445556640625,0.80108642578125,False,False,64,0,0,True,MANY_ABNORMAL_PAGES
277,17728,17791,36306944,535,0.408172607421875,551,0.420379638671875,256,7.998705851800419,8,567,0.432586669921875,0.82855224609375,False,False,64,0,0,True,MANY_ABNORMAL_PAGES
278,17792,17855,36438016,486,0.37078857421875,574,0.43792724609375,256,7.998558874123551,0,574,0.43792724609375,0.8087158203125,False,False,64,0,0,True,MANY_ABNORMAL_PAGES
279,17856,17919,36569088,517,0.394439697265625,533,0.406646728515625,256,7.9986172743170485,35,572,0.4364013671875,0.80108642578125,False,False,64,0,0,True,MANY_ABNORMAL_PAGES
280,17920,17983,36700160,547,0.417327880859375,571,0.435638427734375,256,7.998598121476078,250,572,0.4364013671875,0.85296630859375,False,False,64,0,0,True,MANY_ABNORMAL_PAGES
281,17984,18047,36831232,515,0.392913818359375,577,0.440216064453125,256,7.9985386315837355,195,581,0.443267822265625,0.8331298828125,False,False,64,0,0,True,MANY_ABNORMAL_PAGES
282,18048,18111,36962304,506,0.38604736328125,544,0.4150390625,256,7.998579934151086,188,572,0.4364013671875,0.80108642578125,False,False,64,0,0,True,MANY_ABNORMAL_PAGES
283,18112,18175,37093376,497,0.379180908203125,559,0.426483154296875,256,7.998598286034084,205,568,0.433349609375,0.8056640625,False,False,64,0,0,True,MANY_ABNORMAL_PAGES
284,18176,18239,37224448,501,0.382232666015625,590,0.45013427734375,256,7.998478735686223,0,590,0.45013427734375,0.832366943359375,False,False,64,0,0,True,MANY_ABNORMAL_PAGES
285,18240,18303,37355520,488,0.372314453125,554,0.42266845703125,256,7.998719144324898,230,574,0.43792724609375,0.79498291015625,False,False,64,0,0,True,MANY_ABNORMAL_PAGES
286,18304,18367,37486592,510,0.38909912109375,569,0.434112548828125,256,7.9986511474440825,78,579,0.441741943359375,0.823211669921875,False,False,64,0,0,True,MANY_ABNORMAL_PAGES
287,18368,18431,37617664,518,0.39520263671875,561,0.428009033203125,256,7.998620318932229,192,573,0.437164306640625,0.823211669921875,False,False,64,0,0,True,MANY_ABNORMAL_PAGES
288,18432,18495,37748736,509,0.388336181640625,528,0.40283203125,256,7.998686987795967,79,576,0.439453125,0.791168212890625,False,False,64,0,0,True,MANY_ABNORMAL_PAGES
289,18496,18559,37879808,519,0.395965576171875,581,0.443267822265625,256,7.998568055608889,0,581,0.443267822265625,0.8392333984375,False,False,64,0,0,True,MANY_ABNORMAL_PAGES
290,18560,18623,38010880,519,0.395965576171875,551,0.420379638671875,256,7.998439486071379,112,569,0.434112548828125,0.81634521484375,False,False,64,0,0,True,MANY_ABNORMAL_PAGES
291,18624,18687,38141952,515,0.392913818359375,575,0.438690185546875,256,7.99830478029668,74,617,0.470733642578125,0.83160400390625,False,False,64,0,0,True,MANY_ABNORMAL_PAGES
292,18688,18751,38273024,514,0.39215087890625,547,0.417327880859375,256,7.998400758983486,227,571,0.435638427734375,0.809478759765625,False,False,64,0,0,True,MANY_ABNORMAL_PAGES
293,18752,18815,38404096,502,0.38299560546875,519,0.395965576171875,256,7.998476164738315,2,581,0.443267822265625,0.778961181640625,False,False,64,0,0,True,MANY_ABNORMAL_PAGES
294,18816,18879,38535168,541,0.412750244140625,560,0.42724609375,256,7.9985102995706825,90,583,0.444793701171875,0.839996337890625,False,False,64,0,0,True,MANY_ABNORMAL_PAGES
295,18880,18943,38666240,492,0.3753662109375,545,0.415802001953125,256,7.998646593326772,64,573,0.437164306640625,0.791168212890625,False,False,64,0,0,True,MANY_ABNORMAL_PAGES
296,18944,19007,38797312,540,0.4119873046875,516,0.3936767578125,256,7.998569886242121,112,569,0.434112548828125,0.8056640625,False,False,64,0,0,True,MANY_ABNORMAL_PAGES
297,19008,19071,38928384,535,0.408172607421875,566,0.43182373046875,256,7.998653009917198,45,572,0.4364013671875,0.839996337890625,False,False,64,0,0,True,MANY_ABNORMAL_PAGES
298,19072,19135,39059456,480,0.3662109375,553,0.421905517578125,256,7.998550226646583,74,588,0.4486083984375,0.788116455078125,False,False,64,0,0,True,MANY_ABNORMAL_PAGES
299,19136,19199,39190528,488,0.372314453125,548,0.4180908203125,256,7.998347329917299,198,585,0.446319580078125,0.7904052734375,False,False,64,0,0,True,MANY_ABNORMAL_PAGES
300,19200,19263,39321600,522,0.39825439453125,555,0.423431396484375,256,7.998741606160861,53,564,0.4302978515625,0.821685791015625,False,False,64,0,0,True,MANY_ABNORMAL_PAGES
301,19264,19327,39452672,495,0.377655029296875,549,0.418853759765625,256,7.998435323311511,151,585,0.446319580078125,0.7965087890625,False,False,64,0,0,True,MANY_ABNORMAL_PAGES
302,19328,19391,39583744,540,0.4119873046875,580,0.4425048828125,256,7.998349587772622,0,580,0.4425048828125,0.8544921875,False,False,64,0,0,True,MANY_ABNORMAL_PAGES
303,19392,19455,39714816,509,0.388336181640625,567,0.432586669921875,256,7.998699328547884,141,573,0.437164306640625,0.8209228515625,False,False,64,0,0,True,MANY_ABNORMAL_PAGES
304,19456,19519,39845888,515,0.392913818359375,564,0.4302978515625,256,7.998501323053451,134,572,0.4364013671875,0.823211669921875,False,False,64,0,0,True,MANY_ABNORMAL_PAGES
305,19520,19583,39976960,521,0.397491455078125,586,0.44708251953125,256,7.998438350867046,0,586,0.44708251953125,0.844573974609375,False,False,64,0,0,True,MANY_ABNORMAL_PAGES
306,19584,19647,40108032,524,0.3997802734375,565,0.431060791015625,256,7.998685386123761,206,573,0.437164306640625,0.830841064453125,False,False,64,0,0,True,MANY_ABNORMAL_PAGES
307,19648,19711,40239104,523,0.399017333984375,626,0.47760009765625,256,7.9984617423597575,0,626,0.47760009765625,0.876617431640625,False,False,64,0,0,True,MANY_ABNORMAL_PAGES
308,19712,19775,40370176,545,0.415802001953125,570,0.43487548828125,256,7.998547940544149,159,572,0.4364013671875,0.850677490234375,False,False,64,0,0,True,MANY_ABNORMAL_PAGES
309,19776,19839,40501248,484,0.3692626953125,587,0.447845458984375,256,7.9986823238036555,0,587,0.447845458984375,0.817108154296875,False,False,64,0,0,True,MANY_ABNORMAL_PAGES
310,19840,19903,40632320,468,0.3570556640625,579,0.441741943359375,256,7.998326140708879,254,586,0.44708251953125,0.798797607421875,False,False,64,0,0,True,MANY_ABNORMAL_PAGES
311,19904,19967,40763392,499,0.380706787109375,552,0.421142578125,256,7.998561760394937,103,582,0.44403076171875,0.801849365234375,False,False,64,0,0,True,MANY_ABNORMAL_PAGES
312,19968,20031,40894464,514,0.39215087890625,572,0.4364013671875,256,7.998663714798939,167,588,0.4486083984375,0.82855224609375,False,False,64,0,0,True,MANY_ABNORMAL_PAGES
313,20032,20095,41025536,534,0.40740966796875,568,0.433349609375,256,7.998547439923287,18,602,0.45928955078125,0.84075927734375,False,False,64,0,0,True,MANY_ABNORMAL_PAGES
314,20096,20159,41156608,548,0.4180908203125,541,0.412750244140625,256,7.998643681328142,94,575,0.438690185546875,0.830841064453125,False,False,64,0,0,True,MANY_ABNORMAL_PAGES
315,20160,20223,41287680,531,0.405120849609375,586,0.44708251953125,256,7.998502690317044,0,586,0.44708251953125,0.852203369140625,False,False,64,0,0,True,MANY_ABNORMAL_PAGES
316,20224,20287,41418752,541,0.412750244140625,536,0.408935546875,256,7.998580312416703,190,584,0.445556640625,0.821685791015625,False,False,64,0,0,True,MANY_ABNORMAL_PAGES
317,20288,20351,41549824,500,0.3814697265625,547,0.417327880859375,256,7.998589124047789,212,573,0.437164306640625,0.798797607421875,False,False,64,0,0,True,MANY_ABNORMAL_PAGES
318,20352,20415,41680896,494,0.37689208984375,550,0.41961669921875,256,7.998660380660938,112,563,0.429534912109375,0.7965087890625,False,False,64,0,0,True,MANY_ABNORMAL_PAGES
319,20416,20479,41811968,520,0.396728515625,542,0.41351318359375,256,7.998439614433466,74,573,0.437164306640625,0.81024169921875,False,False,64,0,0,True,MANY_ABNORMAL_PAGES
320,20480,20543,41943040,544,0.4150390625,541,0.412750244140625,256,7.998446059122609,230,588,0.4486083984375,0.827789306640625,False,False,64,0,0,True,MANY_ABNORMAL_PAGES
321,20544,20607,42074112,513,0.391387939453125,583,0.444793701171875,256,7.998706712866419,0,583,0.444793701171875,0.836181640625,False,False,64,0,0,True,MANY_ABNORMAL_PAGES
322,20608,20671,42205184,552,0.421142578125,550,0.41961669921875,256,7.998889934040479,90,565,0.431060791015625,0.84075927734375,False,False,64,0,0,True,MANY_ABNORMAL_PAGES
323,20672,20735,42336256,429,0.327301025390625,506,0.38604736328125,256,7.9985544688604175,210,585,0.446319580078125,0.713348388671875,False,False,64,0,0,True,MANY_ABNORMAL_PAGES
324,20736,20799,42467328,493,0.376129150390625,585,0.446319580078125,256,7.998707842310723,0,585,0.446319580078125,0.82244873046875,False,False,64,0,0,True,MANY_ABNORMAL_PAGES
325,20800,20863,42598400,516,0.3936767578125,561,0.428009033203125,256,7.998514880963429,45,570,0.43487548828125,0.821685791015625,False,False,64,0,0,True,MANY_ABNORMAL_PAGES
326,20864,20927,42729472,509,0.388336181640625,578,0.44097900390625,256,7.998652194488419,0,578,0.44097900390625,0.829315185546875,False,False,64,0,0,True,MANY_ABNORMAL_PAGES
327,20928,20991,42860544,484,0.3692626953125,543,0.414276123046875,256,7.998684434565053,60,578,0.44097900390625,0.783538818359375,False,False,64,0,0,True,MANY_ABNORMAL_PAGES
328,20992,21055,42991616,525,0.400543212890625,541,0.412750244140625,256,7.998575076927033,32,574,0.43792724609375,0.81329345703125,False,False,64,0,0,True,MANY_ABNORMAL_PAGES
329,21056,21119,43122688,519,0.395965576171875,536,0.408935546875,256,7.9989047246753815,127,578,0.44097900390625,0.804901123046875,False,False,64,0,0,True,MANY_ABNORMAL_PAGES
330,21120,21183,43253760,520,0.396728515625,501,0.382232666015625,256,7.998716121646787,90,579,0.441741943359375,0.778961181640625,False,False,64,0,0,True,MANY_ABNORMAL_PAGES
331,21184,21247,43384832,473,0.360870361328125,583,0.444793701171875,256,7.99852243671986,0,583,0.444793701171875,0.8056640625,False,False,64,0,0,True,MANY_ABNORMAL_PAGES
332,21248,21311,43515904,505,0.385284423828125,573,0.437164306640625,256,7.9986307164467405,142,574,0.43792724609375,0.82244873046875,False,False,64,0,0,True,MANY_ABNORMAL_PAGES
333,21312,21375,43646976,524,0.3997802734375,570,0.43487548828125,256,7.998700114658838,117,578,0.44097900390625,0.83465576171875,False,False,64,0,0,True,MANY_ABNORMAL_PAGES
334,21376,21439,43778048,526,0.40130615234375,527,0.402069091796875,256,7.998716323184762,44,572,0.4364013671875,0.803375244140625,False,False,64,0,0,True,MANY_ABNORMAL_PAGES
335,21440,21503,43909120,523,0.399017333984375,560,0.42724609375,256,7.9986446944262335,132,579,0.441741943359375,0.826263427734375,False,False,64,0,0,True,MANY_ABNORMAL_PAGES
336,21504,21567,44040192,534,0.40740966796875,529,0.403594970703125,256,7.998612652305831,171,572,0.4364013671875,0.811004638671875,False,False,64,0,0,True,MANY_ABNORMAL_PAGES
337,21568,21631,44171264,519,0.395965576171875,523,0.399017333984375,256,7.998586150860412,182,586,0.44708251953125,0.79498291015625,False,False,64,0,0,True,MANY_ABNORMAL_PAGES
338,21632,21695,44302336,514,0.39215087890625,594,0.45318603515625,256,7.998425884233503,0,594,0.45318603515625,0.8453369140625,False,False,64,0,0,True,MANY_ABNORMAL_PAGES
339,21696,21759,44433408,521,0.397491455078125,543,0.414276123046875,256,7.9985129433941795,48,576,0.439453125,0.811767578125,False,False,64,0,0,True,MANY_ABNORMAL_PAGES
340,21760,21823,44564480,512,0.390625,582,0.44403076171875,256,7.998632979184422,0,582,0.44403076171875,0.83465576171875,False,False,64,0,0,True,MANY_ABNORMAL_PAGES
341,21824,21887,44695552,541,0.412750244140625,526,0.40130615234375,256,7.998586053102447,128,574,0.43792724609375,0.814056396484375,False,False,64,0,0,True,MANY_ABNORMAL_PAGES
342,21888,21951,44826624,508,0.3875732421875,577,0.440216064453125,256,7.998296993628457,0,577,0.440216064453125,0.827789306640625,False,False,64,0,0,True,MANY_ABNORMAL_PAGES
343,21952,22015,44957696,547,0.417327880859375,556,0.4241943359375,256,7.998803287146942,39,571,0.435638427734375,0.841522216796875,False,False,64,0,0,True,MANY_ABNORMAL_PAGES
344,22016,22079,45088768,526,0.40130615234375,574,0.43792724609375,256,7.998421585520892,200,576,0.439453125,0.8392333984375,False,False,64,0,0,True,MANY_ABNORMAL_PAGES
345,22080,22143,45219840,543,0.414276123046875,554,0.42266845703125,256,7.998630031238328,3,566,0.43182373046875,0.836944580078125,False,False,64,0,0,True,MANY_ABNORMAL_PAGES
346,22144,22207,45350912,518,0.39520263671875,561,0.428009033203125,256,7.998722797646961,0,561,0.428009033203125,0.823211669921875,False,False,64,0,0,True,MANY_ABNORMAL_PAGES
347,22208,22271,45481984,491,0.374603271484375,561,0.428009033203125,256,7.9983759084806705,228,595,0.453948974609375,0.8026123046875,False,False,64,0,0,True,MANY_ABNORMAL_PAGES
348,22272,22335,45613056,496,0.37841796875,621,0.473785400390625,256,7.998483813892202,0,621,0.473785400390625,0.852203369140625,False,False,64,0,0,True,MANY_ABNORMAL_PAGES
349,22336,22399,45744128,487,0.371551513671875,586,0.44708251953125,256,7.998337909121028,0,586,0.44708251953125,0.818634033203125,False,False,64,0,0,True,MANY_ABNORMAL_PAGES
350,22400,22463,45875200,488,0.372314453125,547,0.417327880859375,256,7.998642082590458,28,569,0.434112548828125,0.789642333984375,False,False,64,0,0,True,MANY_ABNORMAL_PAGES
351,22464,22527,46006272,499,0.380706787109375,585,0.446319580078125,256,7.998588595800486,0,585,0.446319580078125,0.8270263671875,False,False,64,0,0,True,MANY_ABNORMAL_PAGES
352,22528,22591,46137344,520,0.396728515625,631,0.481414794921875,256,7.998330107278053,0,631,0.481414794921875,0.878143310546875,False,False,64,0,0,True,MANY_ABNORMAL_PAGES
353,22592,22655,46268416,544,0.4150390625,547,0.417327880859375,256,7.998502449812384,181,599,0.457000732421875,0.832366943359375,False,False,64,0,0,True,MANY_ABNORMAL_PAGES
354,22656,22719,46399488,514,0.39215087890625,584,0.445556640625,256,7.998696001673364,0,584,0.445556640625,0.83770751953125,False,False,64,0,0,True,MANY_ABNORMAL_PAGES
355,22720,22783,46530560,516,0.3936767578125,527,0.402069091796875,256,7.998423570278662,235,593,0.452423095703125,0.795745849609375,False,False,64,0,0,True,MANY_ABNORMAL_PAGES
356,22784,22847,46661632,527,0.402069091796875,575,0.438690185546875,256,7.998664922649199,0,575,0.438690185546875,0.84075927734375,False,False,64,0,0,True,MANY_ABNORMAL_PAGES
357,22848,22911,46792704,508,0.3875732421875,557,0.424957275390625,256,7.998846171592521,154,558,0.42572021484375,0.812530517578125,False,False,64,0,0,True,MANY_ABNORMAL_PAGES
358,22912,22975,46923776,526,0.40130615234375,577,0.440216064453125,256,7.998521918003943,114,593,0.452423095703125,0.841522216796875,False,False,64,0,0,True,MANY_ABNORMAL_PAGES
359,22976,23039,47054848,496,0.37841796875,576,0.439453125,256,7.998434881168142,37,583,0.444793701171875,0.81787109375,False,False,64,0,0,True,MANY_ABNORMAL_PAGES
360,23040,23103,47185920,504,0.384521484375,584,0.445556640625,256,7.998543434210547,0,584,0.445556640625,0.830078125,False,False,64,0,0,True,MANY_ABNORMAL_PAGES
361,23104,23167,47316992,44275,33.779144287109375,558,0.42572021484375,256,6.21468533692948,255,44275,33.779144287109375,34.204864501953125,False,False,64,21,0,True,MANY_ABNORMAL_PAGES
362,23168,23231,47448064,131072,100.0,0,0.0,1,0.0,255,131072,100.0,100.0,True,False,64,64,0,True,ALL_FF
363,23232,23295,47579136,131072,100.0,0,0.0,1,0.0,255,131072,100.0,100.0,True,False,64,64,0,True,ALL_FF
364,23296,23359,47710208,131072,100.0,0,0.0,1,0.0,255,131072,100.0,100.0,True,False,64,64,0,True,ALL_FF
365,23360,23423,47841280,131072,100.0,0,0.0,1,0.0,255,131072,100.0,100.0,True,False,64,64,0,True,ALL_FF
366,23424,23487,47972352,131072,100.0,0,0.0,1,0.0,255,131072,100.0,100.0,True,False,64,64,0,True,ALL_FF
367,23488,23551,48103424,131072,100.0,0,0.0,1,0.0,255,131072,100.0,100.0,True,False,64,64,0,True,ALL_FF
368,23552,23615,48234496,131072,100.0,0,0.0,1,0.0,255,131072,100.0,100.0,True,False,64,64,0,True,ALL_FF
369,23616,23679,48365568,131072,100.0,0,0.0,1,0.0,255,131072,100.0,100.0,True,False,64,64,0,True,ALL_FF
370,23680,23743,48496640,131072,100.0,0,0.0,1,0.0,255,131072,100.0,100.0,True,False,64,64,0,True,ALL_FF
371,23744,23807,48627712,131072,100.0,0,0.0,1,0.0,255,131072,100.0,100.0,True,False,64,64,0,True,ALL_FF
372,23808,23871,48758784,131072,100.0,0,0.0,1,0.0,255,131072,100.0,100.0,True,False,64,64,0,True,ALL_FF
373,23872,23935,48889856,131072,100.0,0,0.0,1,0.0,255,131072,100.0,100.0,True,False,64,64,0,True,ALL_FF
374,23936,23999,49020928,131072,100.0,0,0.0,1,0.0,255,131072,100.0,100.0,True,False,64,64,0,True,ALL_FF
375,24000,24063,49152000,131072,100.0,0,0.0,1,0.0,255,131072,100.0,100.0,True,False,64,64,0,True,ALL_FF
376,24064,24127,49283072,131072,100.0,0,0.0,1,0.0,255,131072,100.0,100.0,True,False,64,64,0,True,ALL_FF
377,24128,24191,49414144,131072,100.0,0,0.0,1,0.0,255,131072,100.0,100.0,True,False,64,64,0,True,ALL_FF
378,24192,24255,49545216,131072,100.0,0,0.0,1,0.0,255,131072,100.0,100.0,True,False,64,64,0,True,ALL_FF
379,24256,24319,49676288,131072,100.0,0,0.0,1,0.0,255,131072,100.0,100.0,True,False,64,64,0,True,ALL_FF
380,24320,24383,49807360,131072,100.0,0,0.0,1,0.0,255,131072,100.0,100.0,True,False,64,64,0,True,ALL_FF
381,24384,24447,49938432,131072,100.0,0,0.0,1,0.0,255,131072,100.0,100.0,True,False,64,64,0,True,ALL_FF
382,24448,24511,50069504,131072,100.0,0,0.0,1,0.0,255,131072,100.0,100.0,True,False,64,64,0,True,ALL_FF
383,24512,24575,50200576,131072,100.0,0,0.0,1,0.0,255,131072,100.0,100.0,True,False,64,64,0,True,ALL_FF
384,24576,24639,50331648,131072,100.0,0,0.0,1,0.0,255,131072,100.0,100.0,True,False,64,64,0,True,ALL_FF
385,24640,24703,50462720,131072,100.0,0,0.0,1,0.0,255,131072,100.0,100.0,True,False,64,64,0,True,ALL_FF
386,24704,24767,50593792,131072,100.0,0,0.0,1,0.0,255,131072,100.0,100.0,True,False,64,64,0,True,ALL_FF
387,24768,24831,50724864,131072,100.0,0,0.0,1,0.0,255,131072,100.0,100.0,True,False,64,64,0,True,ALL_FF
388,24832,24895,50855936,131072,100.0,0,0.0,1,0.0,255,131072,100.0,100.0,True,False,64,64,0,True,ALL_FF
389,24896,24959,50987008,131072,100.0,0,0.0,1,0.0,255,131072,100.0,100.0,True,False,64,64,0,True,ALL_FF
390,24960,25023,51118080,131072,100.0,0,0.0,1,0.0,255,131072,100.0,100.0,True,False,64,64,0,True,ALL_FF
391,25024,25087,51249152,131072,100.0,0,0.0,1,0.0,255,131072,100.0,100.0,True,False,64,64,0,True,ALL_FF
392,25088,25151,51380224,131072,100.0,0,0.0,1,0.0,255,131072,100.0,100.0,True,False,64,64,0,True,ALL_FF
393,25152,25215,51511296,131072,100.0,0,0.0,1,0.0,255,131072,100.0,100.0,True,False,64,64,0,True,ALL_FF
394,25216,25279,51642368,131072,100.0,0,0.0,1,0.0,255,131072,100.0,100.0,True,False,64,64,0,True,ALL_FF
395,25280,25343,51773440,131072,100.0,0,0.0,1,0.0,255,131072,100.0,100.0,True,False,64,64,0,True,ALL_FF
396,25344,25407,51904512,131072,100.0,0,0.0,1,0.0,255,131072,100.0,100.0,True,False,64,64,0,True,ALL_FF
397,25408,25471,52035584,131072,100.0,0,0.0,1,0.0,255,131072,100.0,100.0,True,False,64,64,0,True,ALL_FF
398,25472,25535,52166656,131072,100.0,0,0.0,1,0.0,255,131072,100.0,100.0,True,False,64,64,0,True,ALL_FF
399,25536,25599,52297728,131072,100.0,0,0.0,1,0.0,255,131072,100.0,100.0,True,False,64,64,0,True,ALL_FF
400,25600,25663,52428800,131072,100.0,0,0.0,1,0.0,255,131072,100.0,100.0,True,False,64,64,0,True,ALL_FF
401,25664,25727,52559872,131072,100.0,0,0.0,1,0.0,255,131072,100.0,100.0,True,False,64,64,0,True,ALL_FF
402,25728,25791,52690944,131072,100.0,0,0.0,1,0.0,255,131072,100.0,100.0,True,False,64,64,0,True,ALL_FF
403,25792,25855,52822016,131072,100.0,0,0.0,1,0.0,255,131072,100.0,100.0,True,False,64,64,0,True,ALL_FF
404,25856,25919,52953088,131072,100.0,0,0.0,1,0.0,255,131072,100.0,100.0,True,False,64,64,0,True,ALL_FF
405,25920,25983,53084160,131072,100.0,0,0.0,1,0.0,255,131072,100.0,100.0,True,False,64,64,0,True,ALL_FF
406,25984,26047,53215232,131072,100.0,0,0.0,1,0.0,255,131072,100.0,100.0,True,False,64,64,0,True,ALL_FF
407,26048,26111,53346304,131072,100.0,0,0.0,1,0.0,255,131072,100.0,100.0,True,False,64,64,0,True,ALL_FF
408,26112,26175,53477376,131072,100.0,0,0.0,1,0.0,255,131072,100.0,100.0,True,False,64,64,0,True,ALL_FF
409,26176,26239,53608448,131072,100.0,0,0.0,1,0.0,255,131072,100.0,100.0,True,False,64,64,0,True,ALL_FF
410,26240,26303,53739520,131072,100.0,0,0.0,1,0.0,255,131072,100.0,100.0,True,False,64,64,0,True,ALL_FF
411,26304,26367,53870592,131072,100.0,0,0.0,1,0.0,255,131072,100.0,100.0,True,False,64,64,0,True,ALL_FF
412,26368,26431,54001664,131072,100.0,0,0.0,1,0.0,255,131072,100.0,100.0,True,False,64,64,0,True,ALL_FF
413,26432,26495,54132736,131072,100.0,0,0.0,1,0.0,255,131072,100.0,100.0,True,False,64,64,0,True,ALL_FF
414,26496,26559,54263808,131072,100.0,0,0.0,1,0.0,255,131072,100.0,100.0,True,False,64,64,0,True,ALL_FF
415,26560,26623,54394880,131072,100.0,0,0.0,1,0.0,255,131072,100.0,100.0,True,False,64,64,0,True,ALL_FF
416,26624,26687,54525952,131072,100.0,0,0.0,1,0.0,255,131072,100.0,100.0,True,False,64,64,0,True,ALL_FF
417,26688,26751,54657024,131072,100.0,0,0.0,1,0.0,255,131072,100.0,100.0,True,False,64,64,0,True,ALL_FF
418,26752,26815,54788096,131072,100.0,0,0.0,1,0.0,255,131072,100.0,100.0,True,False,64,64,0,True,ALL_FF
419,26816,26879,54919168,131072,100.0,0,0.0,1,0.0,255,131072,100.0,100.0,True,False,64,64,0,True,ALL_FF
420,26880,26943,55050240,131072,100.0,0,0.0,1,0.0,255,131072,100.0,100.0,True,False,64,64,0,True,ALL_FF
421,26944,27007,55181312,131072,100.0,0,0.0,1,0.0,255,131072,100.0,100.0,True,False,64,64,0,True,ALL_FF
422,27008,27071,55312384,131072,100.0,0,0.0,1,0.0,255,131072,100.0,100.0,True,False,64,64,0,True,ALL_FF
423,27072,27135,55443456,131072,100.0,0,0.0,1,0.0,255,131072,100.0,100.0,True,False,64,64,0,True,ALL_FF
424,27136,27199,55574528,131072,100.0,0,0.0,1,0.0,255,131072,100.0,100.0,True,False,64,64,0,True,ALL_FF
425,27200,27263,55705600,131072,100.0,0,0.0,1,0.0,255,131072,100.0,100.0,True,False,64,64,0,True,ALL_FF
426,27264,27327,55836672,131072,100.0,0,0.0,1,0.0,255,131072,100.0,100.0,True,False,64,64,0,True,ALL_FF
427,27328,27391,55967744,131072,100.0,0,0.0,1,0.0,255,131072,100.0,100.0,True,False,64,64,0,True,ALL_FF
428,27392,27455,56098816,131072,100.0,0,0.0,1,0.0,255,131072,100.0,100.0,True,False,64,64,0,True,ALL_FF
429,27456,27519,56229888,131072,100.0,0,0.0,1,0.0,255,131072,100.0,100.0,True,False,64,64,0,True,ALL_FF
430,27520,27583,56360960,131072,100.0,0,0.0,1,0.0,255,131072,100.0,100.0,True,False,64,64,0,True,ALL_FF
431,27584,27647,56492032,131072,100.0,0,0.0,1,0.0,255,131072,100.0,100.0,True,False,64,64,0,True,ALL_FF
432,27648,27711,56623104,131072,100.0,0,0.0,1,0.0,255,131072,100.0,100.0,True,False,64,64,0,True,ALL_FF
433,27712,27775,56754176,131072,100.0,0,0.0,1,0.0,255,131072,100.0,100.0,True,False,64,64,0,True,ALL_FF
434,27776,27839,56885248,131072,100.0,0,0.0,1,0.0,255,131072,100.0,100.0,True,False,64,64,0,True,ALL_FF
435,27840,27903,57016320,131072,100.0,0,0.0,1,0.0,255,131072,100.0,100.0,True,False,64,64,0,True,ALL_FF
436,27904,27967,57147392,131072,100.0,0,0.0,1,0.0,255,131072,100.0,100.0,True,False,64,64,0,True,ALL_FF
437,27968,28031,57278464,131072,100.0,0,0.0,1,0.0,255,131072,100.0,100.0,True,False,64,64,0,True,ALL_FF
438,28032,28095,57409536,131072,100.0,0,0.0,1,0.0,255,131072,100.0,100.0,True,False,64,64,0,True,ALL_FF
439,28096,28159,57540608,131072,100.0,0,0.0,1,0.0,255,131072,100.0,100.0,True,False,64,64,0,True,ALL_FF
440,28160,28223,57671680,131072,100.0,0,0.0,1,0.0,255,131072,100.0,100.0,True,False,64,64,0,True,ALL_FF
441,28224,28287,57802752,131072,100.0,0,0.0,1,0.0,255,131072,100.0,100.0,True,False,64,64,0,True,ALL_FF
442,28288,28351,57933824,131072,100.0,0,0.0,1,0.0,255,131072,100.0,100.0,True,False,64,64,0,True,ALL_FF
443,28352,28415,58064896,131072,100.0,0,0.0,1,0.0,255,131072,100.0,100.0,True,False,64,64,0,True,ALL_FF
444,28416,28479,58195968,131072,100.0,0,0.0,1,0.0,255,131072,100.0,100.0,True,False,64,64,0,True,ALL_FF
445,28480,28543,58327040,131072,100.0,0,0.0,1,0.0,255,131072,100.0,100.0,True,False,64,64,0,True,ALL_FF
446,28544,28607,58458112,131072,100.0,0,0.0,1,0.0,255,131072,100.0,100.0,True,False,64,64,0,True,ALL_FF
447,28608,28671,58589184,131072,100.0,0,0.0,1,0.0,255,131072,100.0,100.0,True,False,64,64,0,True,ALL_FF
448,28672,28735,58720256,131072,100.0,0,0.0,1,0.0,255,131072,100.0,100.0,True,False,64,64,0,True,ALL_FF
449,28736,28799,58851328,131072,100.0,0,0.0,1,0.0,255,131072,100.0,100.0,True,False,64,64,0,True,ALL_FF
450,28800,28863,58982400,131072,100.0,0,0.0,1,0.0,255,131072,100.0,100.0,True,False,64,64,0,True,ALL_FF
451,28864,28927,59113472,131072,100.0,0,0.0,1,0.0,255,131072,100.0,100.0,True,False,64,64,0,True,ALL_FF
452,28928,28991,59244544,131072,100.0,0,0.0,1,0.0,255,131072,100.0,100.0,True,False,64,64,0,True,ALL_FF
453,28992,29055,59375616,131072,100.0,0,0.0,1,0.0,255,131072,100.0,100.0,True,False,64,64,0,True,ALL_FF
454,29056,29119,59506688,131072,100.0,0,0.0,1,0.0,255,131072,100.0,100.0,True,False,64,64,0,True,ALL_FF
455,29120,29183,59637760,131072,100.0,0,0.0,1,0.0,255,131072,100.0,100.0,True,False,64,64,0,True,ALL_FF
456,29184,29247,59768832,131072,100.0,0,0.0,1,0.0,255,131072,100.0,100.0,True,False,64,64,0,True,ALL_FF
457,29248,29311,59899904,131072,100.0,0,0.0,1,0.0,255,131072,100.0,100.0,True,False,64,64,0,True,ALL_FF
458,29312,29375,60030976,131072,100.0,0,0.0,1,0.0,255,131072,100.0,100.0,True,False,64,64,0,True,ALL_FF
459,29376,29439,60162048,131072,100.0,0,0.0,1,0.0,255,131072,100.0,100.0,True,False,64,64,0,True,ALL_FF
460,29440,29503,60293120,131072,100.0,0,0.0,1,0.0,255,131072,100.0,100.0,True,False,64,64,0,True,ALL_FF
461,29504,29567,60424192,131072,100.0,0,0.0,1,0.0,255,131072,100.0,100.0,True,False,64,64,0,True,ALL_FF
462,29568,29631,60555264,131072,100.0,0,0.0,1,0.0,255,131072,100.0,100.0,True,False,64,64,0,True,ALL_FF
463,29632,29695,60686336,131072,100.0,0,0.0,1,0.0,255,131072,100.0,100.0,True,False,64,64,0,True,ALL_FF
464,29696,29759,60817408,131072,100.0,0,0.0,1,0.0,255,131072,100.0,100.0,True,False,64,64,0,True,ALL_FF
465,29760,29823,60948480,131072,100.0,0,0.0,1,0.0,255,131072,100.0,100.0,True,False,64,64,0,True,ALL_FF
466,29824,29887,61079552,131072,100.0,0,0.0,1,0.0,255,131072,100.0,100.0,True,False,64,64,0,True,ALL_FF
467,29888,29951,61210624,131072,100.0,0,0.0,1,0.0,255,131072,100.0,100.0,True,False,64,64,0,True,ALL_FF
468,29952,30015,61341696,131072,100.0,0,0.0,1,0.0,255,131072,100.0,100.0,True,False,64,64,0,True,ALL_FF
469,30016,30079,61472768,131072,100.0,0,0.0,1,0.0,255,131072,100.0,100.0,True,False,64,64,0,True,ALL_FF
470,30080,30143,61603840,131072,100.0,0,0.0,1,0.0,255,131072,100.0,100.0,True,False,64,64,0,True,ALL_FF
471,30144,30207,61734912,131072,100.0,0,0.0,1,0.0,255,131072,100.0,100.0,True,False,64,64,0,True,ALL_FF
472,30208,30271,61865984,131072,100.0,0,0.0,1,0.0,255,131072,100.0,100.0,True,False,64,64,0,True,ALL_FF
473,30272,30335,61997056,131072,100.0,0,0.0,1,0.0,255,131072,100.0,100.0,True,False,64,64,0,True,ALL_FF
474,30336,30399,62128128,131072,100.0,0,0.0,1,0.0,255,131072,100.0,100.0,True,False,64,64,0,True,ALL_FF
475,30400,30463,62259200,131072,100.0,0,0.0,1,0.0,255,131072,100.0,100.0,True,False,64,64,0,True,ALL_FF
476,30464,30527,62390272,131072,100.0,0,0.0,1,0.0,255,131072,100.0,100.0,True,False,64,64,0,True,ALL_FF
477,30528,30591,62521344,131072,100.0,0,0.0,1,0.0,255,131072,100.0,100.0,True,False,64,64,0,True,ALL_FF
478,30592,30655,62652416,131072,100.0,0,0.0,1,0.0,255,131072,100.0,100.0,True,False,64,64,0,True,ALL_FF
479,30656,30719,62783488,131072,100.0,0,0.0,1,0.0,255,131072,100.0,100.0,True,False,64,64,0,True,ALL_FF
480,30720,30783,62914560,131072,100.0,0,0.0,1,0.0,255,131072,100.0,100.0,True,False,64,64,0,True,ALL_FF
481,30784,30847,63045632,131072,100.0,0,0.0,1,0.0,255,131072,100.0,100.0,True,False,64,64,0,True,ALL_FF
482,30848,30911,63176704,131072,100.0,0,0.0,1,0.0,255,131072,100.0,100.0,True,False,64,64,0,True,ALL_FF
483,30912,30975,63307776,131072,100.0,0,0.0,1,0.0,255,131072,100.0,100.0,True,False,64,64,0,True,ALL_FF
484,30976,31039,63438848,131072,100.0,0,0.0,1,0.0,255,131072,100.0,100.0,True,False,64,64,0,True,ALL_FF
485,31040,31103,63569920,131072,100.0,0,0.0,1,0.0,255,131072,100.0,100.0,True,False,64,64,0,True,ALL_FF
486,31104,31167,63700992,131072,100.0,0,0.0,1,0.0,255,131072,100.0,100.0,True,False,64,64,0,True,ALL_FF
487,31168,31231,63832064,131072,100.0,0,0.0,1,0.0,255,131072,100.0,100.0,True,False,64,64,0,True,ALL_FF
488,31232,31295,63963136,131072,100.0,0,0.0,1,0.0,255,131072,100.0,100.0,True,False,64,64,0,True,ALL_FF
489,31296,31359,64094208,131072,100.0,0,0.0,1,0.0,255,131072,100.0,100.0,True,False,64,64,0,True,ALL_FF
490,31360,31423,64225280,131072,100.0,0,0.0,1,0.0,255,131072,100.0,100.0,True,False,64,64,0,True,ALL_FF
491,31424,31487,64356352,131072,100.0,0,0.0,1,0.0,255,131072,100.0,100.0,True,False,64,64,0,True,ALL_FF
492,31488,31551,64487424,131072,100.0,0,0.0,1,0.0,255,131072,100.0,100.0,True,False,64,64,0,True,ALL_FF
493,31552,31615,64618496,131072,100.0,0,0.0,1,0.0,255,131072,100.0,100.0,True,False,64,64,0,True,ALL_FF
494,31616,31679,64749568,131072,100.0,0,0.0,1,0.0,255,131072,100.0,100.0,True,False,64,64,0,True,ALL_FF
495,31680,31743,64880640,131072,100.0,0,0.0,1,0.0,255,131072,100.0,100.0,True,False,64,64,0,True,ALL_FF
496,31744,31807,65011712,131072,100.0,0,0.0,1,0.0,255,131072,100.0,100.0,True,False,64,64,0,True,ALL_FF
497,31808,31871,65142784,131072,100.0,0,0.0,1,0.0,255,131072,100.0,100.0,True,False,64,64,0,True,ALL_FF
498,31872,31935,65273856,131072,100.0,0,0.0,1,0.0,255,131072,100.0,100.0,True,False,64,64,0,True,ALL_FF
499,31936,31999,65404928,131072,100.0,0,0.0,1,0.0,255,131072,100.0,100.0,True,False,64,64,0,True,ALL_FF
500,32000,32063,65536000,131072,100.0,0,0.0,1,0.0,255,131072,100.0,100.0,True,False,64,64,0,True,ALL_FF
501,32064,32127,65667072,131072,100.0,0,0.0,1,0.0,255,131072,100.0,100.0,True,False,64,64,0,True,ALL_FF
502,32128,32191,65798144,131072,100.0,0,0.0,1,0.0,255,131072,100.0,100.0,True,False,64,64,0,True,ALL_FF
503,32192,32255,65929216,131072,100.0,0,0.0,1,0.0,255,131072,100.0,100.0,True,False,64,64,0,True,ALL_FF
504,32256,32319,66060288,131072,100.0,0,0.0,1,0.0,255,131072,100.0,100.0,True,False,64,64,0,True,ALL_FF
505,32320,32383,66191360,131072,100.0,0,0.0,1,0.0,255,131072,100.0,100.0,True,False,64,64,0,True,ALL_FF
506,32384,32447,66322432,131072,100.0,0,0.0,1,0.0,255,131072,100.0,100.0,True,False,64,64,0,True,ALL_FF
507,32448,32511,66453504,131072,100.0,0,0.0,1,0.0,255,131072,100.0,100.0,True,False,64,64,0,True,ALL_FF
508,32512,32575,66584576,131072,100.0,0,0.0,1,0.0,255,131072,100.0,100.0,True,False,64,64,0,True,ALL_FF
509,32576,32639,66715648,131072,100.0,0,0.0,1,0.0,255,131072,100.0,100.0,True,False,64,64,0,True,ALL_FF
510,32640,32703,66846720,131072,100.0,0,0.0,1,0.0,255,131072,100.0,100.0,True,False,64,64,0,True,ALL_FF
511,32704,32767,66977792,131072,100.0,0,0.0,1,0.0,255,131072,100.0,100.0,True,False,64,64,0,True,ALL_FF
512,32768,32831,67108864,131072,100.0,0,0.0,1,0.0,255,131072,100.0,100.0,True,False,64,64,0,True,ALL_FF
513,32832,32895,67239936,131072,100.0,0,0.0,1,0.0,255,131072,100.0,100.0,True,False,64,64,0,True,ALL_FF
514,32896,32959,67371008,131072,100.0,0,0.0,1,0.0,255,131072,100.0,100.0,True,False,64,64,0,True,ALL_FF
515,32960,33023,67502080,131072,100.0,0,0.0,1,0.0,255,131072,100.0,100.0,True,False,64,64,0,True,ALL_FF
516,33024,33087,67633152,131072,100.0,0,0.0,1,0.0,255,131072,100.0,100.0,True,False,64,64,0,True,ALL_FF
517,33088,33151,67764224,131072,100.0,0,0.0,1,0.0,255,131072,100.0,100.0,True,False,64,64,0,True,ALL_FF
518,33152,33215,67895296,131072,100.0,0,0.0,1,0.0,255,131072,100.0,100.0,True,False,64,64,0,True,ALL_FF
519,33216,33279,68026368,131072,100.0,0,0.0,1,0.0,255,131072,100.0,100.0,True,False,64,64,0,True,ALL_FF
520,33280,33343,68157440,131072,100.0,0,0.0,1,0.0,255,131072,100.0,100.0,True,False,64,64,0,True,ALL_FF
521,33344,33407,68288512,131072,100.0,0,0.0,1,0.0,255,131072,100.0,100.0,True,False,64,64,0,True,ALL_FF
522,33408,33471,68419584,131072,100.0,0,0.0,1,0.0,255,131072,100.0,100.0,True,False,64,64,0,True,ALL_FF
523,33472,33535,68550656,131072,100.0,0,0.0,1,0.0,255,131072,100.0,100.0,True,False,64,64,0,True,ALL_FF
524,33536,33599,68681728,131072,100.0,0,0.0,1,0.0,255,131072,100.0,100.0,True,False,64,64,0,True,ALL_FF
525,33600,33663,68812800,131072,100.0,0,0.0,1,0.0,255,131072,100.0,100.0,True,False,64,64,0,True,ALL_FF
526,33664,33727,68943872,131072,100.0,0,0.0,1,0.0,255,131072,100.0,100.0,True,False,64,64,0,True,ALL_FF
527,33728,33791,69074944,131072,100.0,0,0.0,1,0.0,255,131072,100.0,100.0,True,False,64,64,0,True,ALL_FF
528,33792,33855,69206016,131072,100.0,0,0.0,1,0.0,255,131072,100.0,100.0,True,False,64,64,0,True,ALL_FF
529,33856,33919,69337088,131072,100.0,0,0.0,1,0.0,255,131072,100.0,100.0,True,False,64,64,0,True,ALL_FF
530,33920,33983,69468160,131072,100.0,0,0.0,1,0.0,255,131072,100.0,100.0,True,False,64,64,0,True,ALL_FF
531,33984,34047,69599232,131072,100.0,0,0.0,1,0.0,255,131072,100.0,100.0,True,False,64,64,0,True,ALL_FF
532,34048,34111,69730304,131072,100.0,0,0.0,1,0.0,255,131072,100.0,100.0,True,False,64,64,0,True,ALL_FF
533,34112,34175,69861376,131072,100.0,0,0.0,1,0.0,255,131072,100.0,100.0,True,False,64,64,0,True,ALL_FF
534,34176,34239,69992448,131072,100.0,0,0.0,1,0.0,255,131072,100.0,100.0,True,False,64,64,0,True,ALL_FF
535,34240,34303,70123520,131072,100.0,0,0.0,1,0.0,255,131072,100.0,100.0,True,False,64,64,0,True,ALL_FF
536,34304,34367,70254592,131072,100.0,0,0.0,1,0.0,255,131072,100.0,100.0,True,False,64,64,0,True,ALL_FF
537,34368,34431,70385664,131072,100.0,0,0.0,1,0.0,255,131072,100.0,100.0,True,False,64,64,0,True,ALL_FF
538,34432,34495,70516736,131072,100.0,0,0.0,1,0.0,255,131072,100.0,100.0,True,False,64,64,0,True,ALL_FF
539,34496,34559,70647808,131072,100.0,0,0.0,1,0.0,255,131072,100.0,100.0,True,False,64,64,0,True,ALL_FF
540,34560,34623,70778880,131072,100.0,0,0.0,1,0.0,255,131072,100.0,100.0,True,False,64,64,0,True,ALL_FF
541,34624,34687,70909952,131072,100.0,0,0.0,1,0.0,255,131072,100.0,100.0,True,False,64,64,0,True,ALL_FF
542,34688,34751,71041024,131072,100.0,0,0.0,1,0.0,255,131072,100.0,100.0,True,False,64,64,0,True,ALL_FF
543,34752,34815,71172096,131072,100.0,0,0.0,1,0.0,255,131072,100.0,100.0,True,False,64,64,0,True,ALL_FF
544,34816,34879,71303168,131072,100.0,0,0.0,1,0.0,255,131072,100.0,100.0,True,False,64,64,0,True,ALL_FF
545,34880,34943,71434240,131072,100.0,0,0.0,1,0.0,255,131072,100.0,100.0,True,False,64,64,0,True,ALL_FF
546,34944,35007,71565312,131072,100.0,0,0.0,1,0.0,255,131072,100.0,100.0,True,False,64,64,0,True,ALL_FF
547,35008,35071,71696384,131072,100.0,0,0.0,1,0.0,255,131072,100.0,100.0,True,False,64,64,0,True,ALL_FF
548,35072,35135,71827456,131072,100.0,0,0.0,1,0.0,255,131072,100.0,100.0,True,False,64,64,0,True,ALL_FF
549,35136,35199,71958528,131072,100.0,0,0.0,1,0.0,255,131072,100.0,100.0,True,False,64,64,0,True,ALL_FF
550,35200,35263,72089600,131072,100.0,0,0.0,1,0.0,255,131072,100.0,100.0,True,False,64,64,0,True,ALL_FF
551,35264,35327,72220672,131072,100.0,0,0.0,1,0.0,255,131072,100.0,100.0,True,False,64,64,0,True,ALL_FF
552,35328,35391,72351744,131072,100.0,0,0.0,1,0.0,255,131072,100.0,100.0,True,False,64,64,0,True,ALL_FF
553,35392,35455,72482816,131072,100.0,0,0.0,1,0.0,255,131072,100.0,100.0,True,False,64,64,0,True,ALL_FF
554,35456,35519,72613888,131072,100.0,0,0.0,1,0.0,255,131072,100.0,100.0,True,False,64,64,0,True,ALL_FF
555,35520,35583,72744960,131072,100.0,0,0.0,1,0.0,255,131072,100.0,100.0,True,False,64,64,0,True,ALL_FF
556,35584,35647,72876032,131072,100.0,0,0.0,1,0.0,255,131072,100.0,100.0,True,False,64,64,0,True,ALL_FF
557,35648,35711,73007104,131072,100.0,0,0.0,1,0.0,255,131072,100.0,100.0,True,False,64,64,0,True,ALL_FF
558,35712,35775,73138176,131072,100.0,0,0.0,1,0.0,255,131072,100.0,100.0,True,False,64,64,0,True,ALL_FF
559,35776,35839,73269248,131072,100.0,0,0.0,1,0.0,255,131072,100.0,100.0,True,False,64,64,0,True,ALL_FF
560,35840,35903,73400320,131072,100.0,0,0.0,1,0.0,255,131072,100.0,100.0,True,False,64,64,0,True,ALL_FF
561,35904,35967,73531392,131072,100.0,0,0.0,1,0.0,255,131072,100.0,100.0,True,False,64,64,0,True,ALL_FF
562,35968,36031,73662464,131072,100.0,0,0.0,1,0.0,255,131072,100.0,100.0,True,False,64,64,0,True,ALL_FF
563,36032,36095,73793536,131072,100.0,0,0.0,1,0.0,255,131072,100.0,100.0,True,False,64,64,0,True,ALL_FF
564,36096,36159,73924608,131072,100.0,0,0.0,1,0.0,255,131072,100.0,100.0,True,False,64,64,0,True,ALL_FF
565,36160,36223,74055680,131072,100.0,0,0.0,1,0.0,255,131072,100.0,100.0,True,False,64,64,0,True,ALL_FF
566,36224,36287,74186752,131072,100.0,0,0.0,1,0.0,255,131072,100.0,100.0,True,False,64,64,0,True,ALL_FF
567,36288,36351,74317824,131072,100.0,0,0.0,1,0.0,255,131072,100.0,100.0,True,False,64,64,0,True,ALL_FF
568,36352,36415,74448896,131072,100.0,0,0.0,1,0.0,255,131072,100.0,100.0,True,False,64,64,0,True,ALL_FF
569,36416,36479,74579968,131072,100.0,0,0.0,1,0.0,255,131072,100.0,100.0,True,False,64,64,0,True,ALL_FF
570,36480,36543,74711040,131072,100.0,0,0.0,1,0.0,255,131072,100.0,100.0,True,False,64,64,0,True,ALL_FF
571,36544,36607,74842112,131072,100.0,0,0.0,1,0.0,255,131072,100.0,100.0,True,False,64,64,0,True,ALL_FF
572,36608,36671,74973184,131072,100.0,0,0.0,1,0.0,255,131072,100.0,100.0,True,False,64,64,0,True,ALL_FF
573,36672,36735,75104256,131072,100.0,0,0.0,1,0.0,255,131072,100.0,100.0,True,False,64,64,0,True,ALL_FF
574,36736,36799,75235328,131072,100.0,0,0.0,1,0.0,255,131072,100.0,100.0,True,False,64,64,0,True,ALL_FF
575,36800,36863,75366400,131072,100.0,0,0.0,1,0.0,255,131072,100.0,100.0,True,False,64,64,0,True,ALL_FF
576,36864,36927,75497472,131072,100.0,0,0.0,1,0.0,255,131072,100.0,100.0,True,False,64,64,0,True,ALL_FF
577,36928,36991,75628544,131072,100.0,0,0.0,1,0.0,255,131072,100.0,100.0,True,False,64,64,0,True,ALL_FF
578,36992,37055,75759616,131072,100.0,0,0.0,1,0.0,255,131072,100.0,100.0,True,False,64,64,0,True,ALL_FF
579,37056,37119,75890688,131072,100.0,0,0.0,1,0.0,255,131072,100.0,100.0,True,False,64,64,0,True,ALL_FF
580,37120,37183,76021760,131072,100.0,0,0.0,1,0.0,255,131072,100.0,100.0,True,False,64,64,0,True,ALL_FF
581,37184,37247,76152832,131072,100.0,0,0.0,1,0.0,255,131072,100.0,100.0,True,False,64,64,0,True,ALL_FF
582,37248,37311,76283904,131072,100.0,0,0.0,1,0.0,255,131072,100.0,100.0,True,False,64,64,0,True,ALL_FF
583,37312,37375,76414976,131072,100.0,0,0.0,1,0.0,255,131072,100.0,100.0,True,False,64,64,0,True,ALL_FF
584,37376,37439,76546048,131072,100.0,0,0.0,1,0.0,255,131072,100.0,100.0,True,False,64,64,0,True,ALL_FF
585,37440,37503,76677120,131072,100.0,0,0.0,1,0.0,255,131072,100.0,100.0,True,False,64,64,0,True,ALL_FF
586,37504,37567,76808192,131072,100.0,0,0.0,1,0.0,255,131072,100.0,100.0,True,False,64,64,0,True,ALL_FF
587,37568,37631,76939264,131072,100.0,0,0.0,1,0.0,255,131072,100.0,100.0,True,False,64,64,0,True,ALL_FF
588,37632,37695,77070336,131072,100.0,0,0.0,1,0.0,255,131072,100.0,100.0,True,False,64,64,0,True,ALL_FF
589,37696,37759,77201408,131072,100.0,0,0.0,1,0.0,255,131072,100.0,100.0,True,False,64,64,0,True,ALL_FF
590,37760,37823,77332480,131072,100.0,0,0.0,1,0.0,255,131072,100.0,100.0,True,False,64,64,0,True,ALL_FF
591,37824,37887,77463552,131072,100.0,0,0.0,1,0.0,255,131072,100.0,100.0,True,False,64,64,0,True,ALL_FF
592,37888,37951,77594624,131072,100.0,0,0.0,1,0.0,255,131072,100.0,100.0,True,False,64,64,0,True,ALL_FF
593,37952,38015,77725696,131072,100.0,0,0.0,1,0.0,255,131072,100.0,100.0,True,False,64,64,0,True,ALL_FF
594,38016,38079,77856768,131072,100.0,0,0.0,1,0.0,255,131072,100.0,100.0,True,False,64,64,0,True,ALL_FF
595,38080,38143,77987840,131072,100.0,0,0.0,1,0.0,255,131072,100.0,100.0,True,False,64,64,0,True,ALL_FF
596,38144,38207,78118912,131072,100.0,0,0.0,1,0.0,255,131072,100.0,100.0,True,False,64,64,0,True,ALL_FF
597,38208,38271,78249984,131072,100.0,0,0.0,1,0.0,255,131072,100.0,100.0,True,False,64,64,0,True,ALL_FF
598,38272,38335,78381056,131072,100.0,0,0.0,1,0.0,255,131072,100.0,100.0,True,False,64,64,0,True,ALL_FF
599,38336,38399,78512128,131072,100.0,0,0.0,1,0.0,255,131072,100.0,100.0,True,False,64,64,0,True,ALL_FF
600,38400,38463,78643200,131072,100.0,0,0.0,1,0.0,255,131072,100.0,100.0,True,False,64,64,0,True,ALL_FF
601,38464,38527,78774272,131072,100.0,0,0.0,1,0.0,255,131072,100.0,100.0,True,False,64,64,0,True,ALL_FF
602,38528,38591,78905344,131072,100.0,0,0.0,1,0.0,255,131072,100.0,100.0,True,False,64,64,0,True,ALL_FF
603,38592,38655,79036416,131072,100.0,0,0.0,1,0.0,255,131072,100.0,100.0,True,False,64,64,0,True,ALL_FF
604,38656,38719,79167488,131072,100.0,0,0.0,1,0.0,255,131072,100.0,100.0,True,False,64,64,0,True,ALL_FF
605,38720,38783,79298560,131072,100.0,0,0.0,1,0.0,255,131072,100.0,100.0,True,False,64,64,0,True,ALL_FF
606,38784,38847,79429632,131072,100.0,0,0.0,1,0.0,255,131072,100.0,100.0,True,False,64,64,0,True,ALL_FF
607,38848,38911,79560704,131072,100.0,0,0.0,1,0.0,255,131072,100.0,100.0,True,False,64,64,0,True,ALL_FF
608,38912,38975,79691776,131072,100.0,0,0.0,1,0.0,255,131072,100.0,100.0,True,False,64,64,0,True,ALL_FF
609,38976,39039,79822848,131072,100.0,0,0.0,1,0.0,255,131072,100.0,100.0,True,False,64,64,0,True,ALL_FF
610,39040,39103,79953920,131072,100.0,0,0.0,1,0.0,255,131072,100.0,100.0,True,False,64,64,0,True,ALL_FF
611,39104,39167,80084992,131072,100.0,0,0.0,1,0.0,255,131072,100.0,100.0,True,False,64,64,0,True,ALL_FF
612,39168,39231,80216064,131072,100.0,0,0.0,1,0.0,255,131072,100.0,100.0,True,False,64,64,0,True,ALL_FF
613,39232,39295,80347136,131072,100.0,0,0.0,1,0.0,255,131072,100.0,100.0,True,False,64,64,0,True,ALL_FF
614,39296,39359,80478208,131072,100.0,0,0.0,1,0.0,255,131072,100.0,100.0,True,False,64,64,0,True,ALL_FF
615,39360,39423,80609280,131072,100.0,0,0.0,1,0.0,255,131072,100.0,100.0,True,False,64,64,0,True,ALL_FF
616,39424,39487,80740352,131072,100.0,0,0.0,1,0.0,255,131072,100.0,100.0,True,False,64,64,0,True,ALL_FF
617,39488,39551,80871424,131072,100.0,0,0.0,1,0.0,255,131072,100.0,100.0,True,False,64,64,0,True,ALL_FF
618,39552,39615,81002496,131072,100.0,0,0.0,1,0.0,255,131072,100.0,100.0,True,False,64,64,0,True,ALL_FF
619,39616,39679,81133568,131072,100.0,0,0.0,1,0.0,255,131072,100.0,100.0,True,False,64,64,0,True,ALL_FF
620,39680,39743,81264640,131072,100.0,0,0.0,1,0.0,255,131072,100.0,100.0,True,False,64,64,0,True,ALL_FF
621,39744,39807,81395712,131072,100.0,0,0.0,1,0.0,255,131072,100.0,100.0,True,False,64,64,0,True,ALL_FF
622,39808,39871,81526784,131072,100.0,0,0.0,1,0.0,255,131072,100.0,100.0,True,False,64,64,0,True,ALL_FF
623,39872,39935,81657856,131072,100.0,0,0.0,1,0.0,255,131072,100.0,100.0,True,False,64,64,0,True,ALL_FF
624,39936,39999,81788928,131072,100.0,0,0.0,1,0.0,255,131072,100.0,100.0,True,False,64,64,0,True,ALL_FF
625,40000,40063,81920000,131072,100.0,0,0.0,1,0.0,255,131072,100.0,100.0,True,False,64,64,0,True,ALL_FF
626,40064,40127,82051072,131072,100.0,0,0.0,1,0.0,255,131072,100.0,100.0,True,False,64,64,0,True,ALL_FF
627,40128,40191,82182144,131072,100.0,0,0.0,1,0.0,255,131072,100.0,100.0,True,False,64,64,0,True,ALL_FF
628,40192,40255,82313216,131072,100.0,0,0.0,1,0.0,255,131072,100.0,100.0,True,False,64,64,0,True,ALL_FF
629,40256,40319,82444288,131072,100.0,0,0.0,1,0.0,255,131072,100.0,100.0,True,False,64,64,0,True,ALL_FF
630,40320,40383,82575360,131072,100.0,0,0.0,1,0.0,255,131072,100.0,100.0,True,False,64,64,0,True,ALL_FF
631,40384,40447,82706432,131072,100.0,0,0.0,1,0.0,255,131072,100.0,100.0,True,False,64,64,0,True,ALL_FF
632,40448,40511,82837504,131072,100.0,0,0.0,1,0.0,255,131072,100.0,100.0,True,False,64,64,0,True,ALL_FF
633,40512,40575,82968576,131072,100.0,0,0.0,1,0.0,255,131072,100.0,100.0,True,False,64,64,0,True,ALL_FF
634,40576,40639,83099648,131072,100.0,0,0.0,1,0.0,255,131072,100.0,100.0,True,False,64,64,0,True,ALL_FF
635,40640,40703,83230720,131072,100.0,0,0.0,1,0.0,255,131072,100.0,100.0,True,False,64,64,0,True,ALL_FF
636,40704,40767,83361792,131072,100.0,0,0.0,1,0.0,255,131072,100.0,100.0,True,False,64,64,0,True,ALL_FF
637,40768,40831,83492864,131072,100.0,0,0.0,1,0.0,255,131072,100.0,100.0,True,False,64,64,0,True,ALL_FF
638,40832,40895,83623936,131072,100.0,0,0.0,1,0.0,255,131072,100.0,100.0,True,False,64,64,0,True,ALL_FF
639,40896,40959,83755008,131072,100.0,0,0.0,1,0.0,255,131072,100.0,100.0,True,False,64,64,0,True,ALL_FF
640,40960,41023,83886080,131072,100.0,0,0.0,1,0.0,255,131072,100.0,100.0,True,False,64,64,0,True,ALL_FF
641,41024,41087,84017152,131072,100.0,0,0.0,1,0.0,255,131072,100.0,100.0,True,False,64,64,0,True,ALL_FF
642,41088,41151,84148224,131072,100.0,0,0.0,1,0.0,255,131072,100.0,100.0,True,False,64,64,0,True,ALL_FF
643,41152,41215,84279296,131072,100.0,0,0.0,1,0.0,255,131072,100.0,100.0,True,False,64,64,0,True,ALL_FF
644,41216,41279,84410368,131072,100.0,0,0.0,1,0.0,255,131072,100.0,100.0,True,False,64,64,0,True,ALL_FF
645,41280,41343,84541440,131072,100.0,0,0.0,1,0.0,255,131072,100.0,100.0,True,False,64,64,0,True,ALL_FF
646,41344,41407,84672512,131072,100.0,0,0.0,1,0.0,255,131072,100.0,100.0,True,False,64,64,0,True,ALL_FF
647,41408,41471,84803584,131072,100.0,0,0.0,1,0.0,255,131072,100.0,100.0,True,False,64,64,0,True,ALL_FF
648,41472,41535,84934656,131072,100.0,0,0.0,1,0.0,255,131072,100.0,100.0,True,False,64,64,0,True,ALL_FF
649,41536,41599,85065728,131072,100.0,0,0.0,1,0.0,255,131072,100.0,100.0,True,False,64,64,0,True,ALL_FF
650,41600,41663,85196800,131072,100.0,0,0.0,1,0.0,255,131072,100.0,100.0,True,False,64,64,0,True,ALL_FF
651,41664,41727,85327872,131072,100.0,0,0.0,1,0.0,255,131072,100.0,100.0,True,False,64,64,0,True,ALL_FF
652,41728,41791,85458944,131072,100.0,0,0.0,1,0.0,255,131072,100.0,100.0,True,False,64,64,0,True,ALL_FF
653,41792,41855,85590016,131072,100.0,0,0.0,1,0.0,255,131072,100.0,100.0,True,False,64,64,0,True,ALL_FF
654,41856,41919,85721088,131072,100.0,0,0.0,1,0.0,255,131072,100.0,100.0,True,False,64,64,0,True,ALL_FF
655,41920,41983,85852160,131072,100.0,0,0.0,1,0.0,255,131072,100.0,100.0,True,False,64,64,0,True,ALL_FF
656,41984,42047,85983232,131072,100.0,0,0.0,1,0.0,255,131072,100.0,100.0,True,False,64,64,0,True,ALL_FF
657,42048,42111,86114304,131072,100.0,0,0.0,1,0.0,255,131072,100.0,100.0,True,False,64,64,0,True,ALL_FF
658,42112,42175,86245376,131072,100.0,0,0.0,1,0.0,255,131072,100.0,100.0,True,False,64,64,0,True,ALL_FF
659,42176,42239,86376448,131072,100.0,0,0.0,1,0.0,255,131072,100.0,100.0,True,False,64,64,0,True,ALL_FF
660,42240,42303,86507520,131072,100.0,0,0.0,1,0.0,255,131072,100.0,100.0,True,False,64,64,0,True,ALL_FF
661,42304,42367,86638592,131072,100.0,0,0.0,1,0.0,255,131072,100.0,100.0,True,False,64,64,0,True,ALL_FF
662,42368,42431,86769664,131072,100.0,0,0.0,1,0.0,255,131072,100.0,100.0,True,False,64,64,0,True,ALL_FF
663,42432,42495,86900736,131072,100.0,0,0.0,1,0.0,255,131072,100.0,100.0,True,False,64,64,0,True,ALL_FF
664,42496,42559,87031808,131072,100.0,0,0.0,1,0.0,255,131072,100.0,100.0,True,False,64,64,0,True,ALL_FF
665,42560,42623,87162880,131072,100.0,0,0.0,1,0.0,255,131072,100.0,100.0,True,False,64,64,0,True,ALL_FF
666,42624,42687,87293952,131072,100.0,0,0.0,1,0.0,255,131072,100.0,100.0,True,False,64,64,0,True,ALL_FF
667,42688,42751,87425024,131072,100.0,0,0.0,1,0.0,255,131072,100.0,100.0,True,False,64,64,0,True,ALL_FF
668,42752,42815,87556096,131072,100.0,0,0.0,1,0.0,255,131072,100.0,100.0,True,False,64,64,0,True,ALL_FF
669,42816,42879,87687168,131072,100.0,0,0.0,1,0.0,255,131072,100.0,100.0,True,False,64,64,0,True,ALL_FF
670,42880,42943,87818240,131072,100.0,0,0.0,1,0.0,255,131072,100.0,100.0,True,False,64,64,0,True,ALL_FF
671,42944,43007,87949312,131072,100.0,0,0.0,1,0.0,255,131072,100.0,100.0,True,False,64,64,0,True,ALL_FF
672,43008,43071,88080384,131072,100.0,0,0.0,1,0.0,255,131072,100.0,100.0,True,False,64,64,0,True,ALL_FF
673,43072,43135,88211456,131072,100.0,0,0.0,1,0.0,255,131072,100.0,100.0,True,False,64,64,0,True,ALL_FF
674,43136,43199,88342528,131072,100.0,0,0.0,1,0.0,255,131072,100.0,100.0,True,False,64,64,0,True,ALL_FF
675,43200,43263,88473600,131072,100.0,0,0.0,1,0.0,255,131072,100.0,100.0,True,False,64,64,0,True,ALL_FF
676,43264,43327,88604672,131072,100.0,0,0.0,1,0.0,255,131072,100.0,100.0,True,False,64,64,0,True,ALL_FF
677,43328,43391,88735744,131072,100.0,0,0.0,1,0.0,255,131072,100.0,100.0,True,False,64,64,0,True,ALL_FF
678,43392,43455,88866816,131072,100.0,0,0.0,1,0.0,255,131072,100.0,100.0,True,False,64,64,0,True,ALL_FF
679,43456,43519,88997888,131072,100.0,0,0.0,1,0.0,255,131072,100.0,100.0,True,False,64,64,0,True,ALL_FF
680,43520,43583,89128960,131072,100.0,0,0.0,1,0.0,255,131072,100.0,100.0,True,False,64,64,0,True,ALL_FF
681,43584,43647,89260032,131072,100.0,0,0.0,1,0.0,255,131072,100.0,100.0,True,False,64,64,0,True,ALL_FF
682,43648,43711,89391104,131072,100.0,0,0.0,1,0.0,255,131072,100.0,100.0,True,False,64,64,0,True,ALL_FF
683,43712,43775,89522176,131072,100.0,0,0.0,1,0.0,255,131072,100.0,100.0,True,False,64,64,0,True,ALL_FF
684,43776,43839,89653248,131072,100.0,0,0.0,1,0.0,255,131072,100.0,100.0,True,False,64,64,0,True,ALL_FF
685,43840,43903,89784320,131072,100.0,0,0.0,1,0.0,255,131072,100.0,100.0,True,False,64,64,0,True,ALL_FF
686,43904,43967,89915392,131072,100.0,0,0.0,1,0.0,255,131072,100.0,100.0,True,False,64,64,0,True,ALL_FF
687,43968,44031,90046464,131072,100.0,0,0.0,1,0.0,255,131072,100.0,100.0,True,False,64,64,0,True,ALL_FF
688,44032,44095,90177536,131072,100.0,0,0.0,1,0.0,255,131072,100.0,100.0,True,False,64,64,0,True,ALL_FF
689,44096,44159,90308608,131072,100.0,0,0.0,1,0.0,255,131072,100.0,100.0,True,False,64,64,0,True,ALL_FF
690,44160,44223,90439680,131072,100.0,0,0.0,1,0.0,255,131072,100.0,100.0,True,False,64,64,0,True,ALL_FF
691,44224,44287,90570752,131072,100.0,0,0.0,1,0.0,255,131072,100.0,100.0,True,False,64,64,0,True,ALL_FF
692,44288,44351,90701824,131072,100.0,0,0.0,1,0.0,255,131072,100.0,100.0,True,False,64,64,0,True,ALL_FF
693,44352,44415,90832896,131072,100.0,0,0.0,1,0.0,255,131072,100.0,100.0,True,False,64,64,0,True,ALL_FF
694,44416,44479,90963968,131072,100.0,0,0.0,1,0.0,255,131072,100.0,100.0,True,False,64,64,0,True,ALL_FF
695,44480,44543,91095040,131072,100.0,0,0.0,1,0.0,255,131072,100.0,100.0,True,False,64,64,0,True,ALL_FF
696,44544,44607,91226112,131072,100.0,0,0.0,1,0.0,255,131072,100.0,100.0,True,False,64,64,0,True,ALL_FF
697,44608,44671,91357184,131072,100.0,0,0.0,1,0.0,255,131072,100.0,100.0,True,False,64,64,0,True,ALL_FF
698,44672,44735,91488256,131072,100.0,0,0.0,1,0.0,255,131072,100.0,100.0,True,False,64,64,0,True,ALL_FF
699,44736,44799,91619328,131072,100.0,0,0.0,1,0.0,255,131072,100.0,100.0,True,False,64,64,0,True,ALL_FF
700,44800,44863,91750400,131072,100.0,0,0.0,1,0.0,255,131072,100.0,100.0,True,False,64,64,0,True,ALL_FF
701,44864,44927,91881472,131072,100.0,0,0.0,1,0.0,255,131072,100.0,100.0,True,False,64,64,0,True,ALL_FF
702,44928,44991,92012544,131072,100.0,0,0.0,1,0.0,255,131072,100.0,100.0,True,False,64,64,0,True,ALL_FF
703,44992,45055,92143616,131072,100.0,0,0.0,1,0.0,255,131072,100.0,100.0,True,False,64,64,0,True,ALL_FF
704,45056,45119,92274688,131072,100.0,0,0.0,1,0.0,255,131072,100.0,100.0,True,False,64,64,0,True,ALL_FF
705,45120,45183,92405760,131072,100.0,0,0.0,1,0.0,255,131072,100.0,100.0,True,False,64,64,0,True,ALL_FF
706,45184,45247,92536832,131072,100.0,0,0.0,1,0.0,255,131072,100.0,100.0,True,False,64,64,0,True,ALL_FF
707,45248,45311,92667904,131072,100.0,0,0.0,1,0.0,255,131072,100.0,100.0,True,False,64,64,0,True,ALL_FF
708,45312,45375,92798976,131072,100.0,0,0.0,1,0.0,255,131072,100.0,100.0,True,False,64,64,0,True,ALL_FF
709,45376,45439,92930048,131072,100.0,0,0.0,1,0.0,255,131072,100.0,100.0,True,False,64,64,0,True,ALL_FF
710,45440,45503,93061120,131072,100.0,0,0.0,1,0.0,255,131072,100.0,100.0,True,False,64,64,0,True,ALL_FF
711,45504,45567,93192192,131072,100.0,0,0.0,1,0.0,255,131072,100.0,100.0,True,False,64,64,0,True,ALL_FF
712,45568,45631,93323264,131072,100.0,0,0.0,1,0.0,255,131072,100.0,100.0,True,False,64,64,0,True,ALL_FF
713,45632,45695,93454336,131072,100.0,0,0.0,1,0.0,255,131072,100.0,100.0,True,False,64,64,0,True,ALL_FF
714,45696,45759,93585408,131072,100.0,0,0.0,1,0.0,255,131072,100.0,100.0,True,False,64,64,0,True,ALL_FF
715,45760,45823,93716480,131072,100.0,0,0.0,1,0.0,255,131072,100.0,100.0,True,False,64,64,0,True,ALL_FF
716,45824,45887,93847552,131072,100.0,0,0.0,1,0.0,255,131072,100.0,100.0,True,False,64,64,0,True,ALL_FF
717,45888,45951,93978624,131072,100.0,0,0.0,1,0.0,255,131072,100.0,100.0,True,False,64,64,0,True,ALL_FF
718,45952,46015,94109696,131072,100.0,0,0.0,1,0.0,255,131072,100.0,100.0,True,False,64,64,0,True,ALL_FF
719,46016,46079,94240768,131072,100.0,0,0.0,1,0.0,255,131072,100.0,100.0,True,False,64,64,0,True,ALL_FF
720,46080,46143,94371840,131072,100.0,0,0.0,1,0.0,255,131072,100.0,100.0,True,False,64,64,0,True,ALL_FF
721,46144,46207,94502912,131072,100.0,0,0.0,1,0.0,255,131072,100.0,100.0,True,False,64,64,0,True,ALL_FF
722,46208,46271,94633984,131072,100.0,0,0.0,1,0.0,255,131072,100.0,100.0,True,False,64,64,0,True,ALL_FF
723,46272,46335,94765056,131072,100.0,0,0.0,1,0.0,255,131072,100.0,100.0,True,False,64,64,0,True,ALL_FF
724,46336,46399,94896128,131072,100.0,0,0.0,1,0.0,255,131072,100.0,100.0,True,False,64,64,0,True,ALL_FF
725,46400,46463,95027200,131072,100.0,0,0.0,1,0.0,255,131072,100.0,100.0,True,False,64,64,0,True,ALL_FF
726,46464,46527,95158272,131072,100.0,0,0.0,1,0.0,255,131072,100.0,100.0,True,False,64,64,0,True,ALL_FF
727,46528,46591,95289344,131072,100.0,0,0.0,1,0.0,255,131072,100.0,100.0,True,False,64,64,0,True,ALL_FF
728,46592,46655,95420416,131072,100.0,0,0.0,1,0.0,255,131072,100.0,100.0,True,False,64,64,0,True,ALL_FF
729,46656,46719,95551488,131072,100.0,0,0.0,1,0.0,255,131072,100.0,100.0,True,False,64,64,0,True,ALL_FF
730,46720,46783,95682560,131072,100.0,0,0.0,1,0.0,255,131072,100.0,100.0,True,False,64,64,0,True,ALL_FF
731,46784,46847,95813632,131072,100.0,0,0.0,1,0.0,255,131072,100.0,100.0,True,False,64,64,0,True,ALL_FF
732,46848,46911,95944704,131072,100.0,0,0.0,1,0.0,255,131072,100.0,100.0,True,False,64,64,0,True,ALL_FF
733,46912,46975,96075776,131072,100.0,0,0.0,1,0.0,255,131072,100.0,100.0,True,False,64,64,0,True,ALL_FF
734,46976,47039,96206848,131072,100.0,0,0.0,1,0.0,255,131072,100.0,100.0,True,False,64,64,0,True,ALL_FF
735,47040,47103,96337920,131072,100.0,0,0.0,1,0.0,255,131072,100.0,100.0,True,False,64,64,0,True,ALL_FF
736,47104,47167,96468992,131072,100.0,0,0.0,1,0.0,255,131072,100.0,100.0,True,False,64,64,0,True,ALL_FF
737,47168,47231,96600064,131072,100.0,0,0.0,1,0.0,255,131072,100.0,100.0,True,False,64,64,0,True,ALL_FF
738,47232,47295,96731136,131072,100.0,0,0.0,1,0.0,255,131072,100.0,100.0,True,False,64,64,0,True,ALL_FF
739,47296,47359,96862208,131072,100.0,0,0.0,1,0.0,255,131072,100.0,100.0,True,False,64,64,0,True,ALL_FF
740,47360,47423,96993280,131072,100.0,0,0.0,1,0.0,255,131072,100.0,100.0,True,False,64,64,0,True,ALL_FF
741,47424,47487,97124352,131072,100.0,0,0.0,1,0.0,255,131072,100.0,100.0,True,False,64,64,0,True,ALL_FF
742,47488,47551,97255424,131072,100.0,0,0.0,1,0.0,255,131072,100.0,100.0,True,False,64,64,0,True,ALL_FF
743,47552,47615,97386496,131072,100.0,0,0.0,1,0.0,255,131072,100.0,100.0,True,False,64,64,0,True,ALL_FF
744,47616,47679,97517568,131072,100.0,0,0.0,1,0.0,255,131072,100.0,100.0,True,False,64,64,0,True,ALL_FF
745,47680,47743,97648640,131072,100.0,0,0.0,1,0.0,255,131072,100.0,100.0,True,False,64,64,0,True,ALL_FF
746,47744,47807,97779712,131072,100.0,0,0.0,1,0.0,255,131072,100.0,100.0,True,False,64,64,0,True,ALL_FF
747,47808,47871,97910784,131072,100.0,0,0.0,1,0.0,255,131072,100.0,100.0,True,False,64,64,0,True,ALL_FF
748,47872,47935,98041856,131072,100.0,0,0.0,1,0.0,255,131072,100.0,100.0,True,False,64,64,0,True,ALL_FF
749,47936,47999,98172928,131072,100.0,0,0.0,1,0.0,255,131072,100.0,100.0,True,False,64,64,0,True,ALL_FF
750,48000,48063,98304000,131072,100.0,0,0.0,1,0.0,255,131072,100.0,100.0,True,False,64,64,0,True,ALL_FF
751,48064,48127,98435072,131072,100.0,0,0.0,1,0.0,255,131072,100.0,100.0,True,False,64,64,0,True,ALL_FF
752,48128,48191,98566144,131072,100.0,0,0.0,1,0.0,255,131072,100.0,100.0,True,False,64,64,0,True,ALL_FF
753,48192,48255,98697216,131072,100.0,0,0.0,1,0.0,255,131072,100.0,100.0,True,False,64,64,0,True,ALL_FF
754,48256,48319,98828288,131072,100.0,0,0.0,1,0.0,255,131072,100.0,100.0,True,False,64,64,0,True,ALL_FF
755,48320,48383,98959360,131072,100.0,0,0.0,1,0.0,255,131072,100.0,100.0,True,False,64,64,0,True,ALL_FF
756,48384,48447,99090432,131072,100.0,0,0.0,1,0.0,255,131072,100.0,100.0,True,False,64,64,0,True,ALL_FF
757,48448,48511,99221504,131072,100.0,0,0.0,1,0.0,255,131072,100.0,100.0,True,False,64,64,0,True,ALL_FF
758,48512,48575,99352576,131072,100.0,0,0.0,1,0.0,255,131072,100.0,100.0,True,False,64,64,0,True,ALL_FF
759,48576,48639,99483648,131072,100.0,0,0.0,1,0.0,255,131072,100.0,100.0,True,False,64,64,0,True,ALL_FF
760,48640,48703,99614720,131072,100.0,0,0.0,1,0.0,255,131072,100.0,100.0,True,False,64,64,0,True,ALL_FF
761,48704,48767,99745792,131072,100.0,0,0.0,1,0.0,255,131072,100.0,100.0,True,False,64,64,0,True,ALL_FF
762,48768,48831,99876864,131072,100.0,0,0.0,1,0.0,255,131072,100.0,100.0,True,False,64,64,0,True,ALL_FF
763,48832,48895,100007936,131072,100.0,0,0.0,1,0.0,255,131072,100.0,100.0,True,False,64,64,0,True,ALL_FF
764,48896,48959,100139008,131072,100.0,0,0.0,1,0.0,255,131072,100.0,100.0,True,False,64,64,0,True,ALL_FF
765,48960,49023,100270080,131072,100.0,0,0.0,1,0.0,255,131072,100.0,100.0,True,False,64,64,0,True,ALL_FF
766,49024,49087,100401152,131072,100.0,0,0.0,1,0.0,255,131072,100.0,100.0,True,False,64,64,0,True,ALL_FF
767,49088,49151,100532224,131072,100.0,0,0.0,1,0.0,255,131072,100.0,100.0,True,False,64,64,0,True,ALL_FF
768,49152,49215,100663296,131072,100.0,0,0.0,1,0.0,255,131072,100.0,100.0,True,False,64,64,0,True,ALL_FF
769,49216,49279,100794368,131072,100.0,0,0.0,1,0.0,255,131072,100.0,100.0,True,False,64,64,0,True,ALL_FF
770,49280,49343,100925440,131072,100.0,0,0.0,1,0.0,255,131072,100.0,100.0,True,False,64,64,0,True,ALL_FF
771,49344,49407,101056512,131072,100.0,0,0.0,1,0.0,255,131072,100.0,100.0,True,False,64,64,0,True,ALL_FF
772,49408,49471,101187584,131072,100.0,0,0.0,1,0.0,255,131072,100.0,100.0,True,False,64,64,0,True,ALL_FF
773,49472,49535,101318656,131072,100.0,0,0.0,1,0.0,255,131072,100.0,100.0,True,False,64,64,0,True,ALL_FF
774,49536,49599,101449728,131072,100.0,0,0.0,1,0.0,255,131072,100.0,100.0,True,False,64,64,0,True,ALL_FF
775,49600,49663,101580800,131072,100.0,0,0.0,1,0.0,255,131072,100.0,100.0,True,False,64,64,0,True,ALL_FF
776,49664,49727,101711872,131072,100.0,0,0.0,1,0.0,255,131072,100.0,100.0,True,False,64,64,0,True,ALL_FF
777,49728,49791,101842944,131072,100.0,0,0.0,1,0.0,255,131072,100.0,100.0,True,False,64,64,0,True,ALL_FF
778,49792,49855,101974016,131072,100.0,0,0.0,1,0.0,255,131072,100.0,100.0,True,False,64,64,0,True,ALL_FF
779,49856,49919,102105088,131072,100.0,0,0.0,1,0.0,255,131072,100.0,100.0,True,False,64,64,0,True,ALL_FF
780,49920,49983,102236160,131072,100.0,0,0.0,1,0.0,255,131072,100.0,100.0,True,False,64,64,0,True,ALL_FF
781,49984,50047,102367232,131072,100.0,0,0.0,1,0.0,255,131072,100.0,100.0,True,False,64,64,0,True,ALL_FF
782,50048,50111,102498304,131072,100.0,0,0.0,1,0.0,255,131072,100.0,100.0,True,False,64,64,0,True,ALL_FF
783,50112,50175,102629376,131072,100.0,0,0.0,1,0.0,255,131072,100.0,100.0,True,False,64,64,0,True,ALL_FF
784,50176,50239,102760448,131072,100.0,0,0.0,1,0.0,255,131072,100.0,100.0,True,False,64,64,0,True,ALL_FF
785,50240,50303,102891520,131072,100.0,0,0.0,1,0.0,255,131072,100.0,100.0,True,False,64,64,0,True,ALL_FF
786,50304,50367,103022592,131072,100.0,0,0.0,1,0.0,255,131072,100.0,100.0,True,False,64,64,0,True,ALL_FF
787,50368,50431,103153664,131072,100.0,0,0.0,1,0.0,255,131072,100.0,100.0,True,False,64,64,0,True,ALL_FF
788,50432,50495,103284736,131072,100.0,0,0.0,1,0.0,255,131072,100.0,100.0,True,False,64,64,0,True,ALL_FF
789,50496,50559,103415808,131072,100.0,0,0.0,1,0.0,255,131072,100.0,100.0,True,False,64,64,0,True,ALL_FF
790,50560,50623,103546880,131072,100.0,0,0.0,1,0.0,255,131072,100.0,100.0,True,False,64,64,0,True,ALL_FF
791,50624,50687,103677952,131072,100.0,0,0.0,1,0.0,255,131072,100.0,100.0,True,False,64,64,0,True,ALL_FF
792,50688,50751,103809024,131072,100.0,0,0.0,1,0.0,255,131072,100.0,100.0,True,False,64,64,0,True,ALL_FF
793,50752,50815,103940096,131072,100.0,0,0.0,1,0.0,255,131072,100.0,100.0,True,False,64,64,0,True,ALL_FF
794,50816,50879,104071168,131072,100.0,0,0.0,1,0.0,255,131072,100.0,100.0,True,False,64,64,0,True,ALL_FF
795,50880,50943,104202240,131072,100.0,0,0.0,1,0.0,255,131072,100.0,100.0,True,False,64,64,0,True,ALL_FF
796,50944,51007,104333312,131072,100.0,0,0.0,1,0.0,255,131072,100.0,100.0,True,False,64,64,0,True,ALL_FF
797,51008,51071,104464384,131072,100.0,0,0.0,1,0.0,255,131072,100.0,100.0,True,False,64,64,0,True,ALL_FF
798,51072,51135,104595456,131072,100.0,0,0.0,1,0.0,255,131072,100.0,100.0,True,False,64,64,0,True,ALL_FF
799,51136,51199,104726528,131072,100.0,0,0.0,1,0.0,255,131072,100.0,100.0,True,False,64,64,0,True,ALL_FF
800,51200,51263,104857600,131072,100.0,0,0.0,1,0.0,255,131072,100.0,100.0,True,False,64,64,0,True,ALL_FF
801,51264,51327,104988672,131072,100.0,0,0.0,1,0.0,255,131072,100.0,100.0,True,False,64,64,0,True,ALL_FF
802,51328,51391,105119744,131072,100.0,0,0.0,1,0.0,255,131072,100.0,100.0,True,False,64,64,0,True,ALL_FF
803,51392,51455,105250816,131072,100.0,0,0.0,1,0.0,255,131072,100.0,100.0,True,False,64,64,0,True,ALL_FF
804,51456,51519,105381888,131072,100.0,0,0.0,1,0.0,255,131072,100.0,100.0,True,False,64,64,0,True,ALL_FF
805,51520,51583,105512960,131072,100.0,0,0.0,1,0.0,255,131072,100.0,100.0,True,False,64,64,0,True,ALL_FF
806,51584,51647,105644032,131072,100.0,0,0.0,1,0.0,255,131072,100.0,100.0,True,False,64,64,0,True,ALL_FF
807,51648,51711,105775104,131072,100.0,0,0.0,1,0.0,255,131072,100.0,100.0,True,False,64,64,0,True,ALL_FF
808,51712,51775,105906176,131072,100.0,0,0.0,1,0.0,255,131072,100.0,100.0,True,False,64,64,0,True,ALL_FF
809,51776,51839,106037248,131072,100.0,0,0.0,1,0.0,255,131072,100.0,100.0,True,False,64,64,0,True,ALL_FF
810,51840,51903,106168320,131072,100.0,0,0.0,1,0.0,255,131072,100.0,100.0,True,False,64,64,0,True,ALL_FF
811,51904,51967,106299392,131072,100.0,0,0.0,1,0.0,255,131072,100.0,100.0,True,False,64,64,0,True,ALL_FF
812,51968,52031,106430464,131072,100.0,0,0.0,1,0.0,255,131072,100.0,100.0,True,False,64,64,0,True,ALL_FF
813,52032,52095,106561536,131072,100.0,0,0.0,1,0.0,255,131072,100.0,100.0,True,False,64,64,0,True,ALL_FF
814,52096,52159,106692608,131072,100.0,0,0.0,1,0.0,255,131072,100.0,100.0,True,False,64,64,0,True,ALL_FF
815,52160,52223,106823680,131072,100.0,0,0.0,1,0.0,255,131072,100.0,100.0,True,False,64,64,0,True,ALL_FF
816,52224,52287,106954752,131072,100.0,0,0.0,1,0.0,255,131072,100.0,100.0,True,False,64,64,0,True,ALL_FF
817,52288,52351,107085824,131072,100.0,0,0.0,1,0.0,255,131072,100.0,100.0,True,False,64,64,0,True,ALL_FF
818,52352,52415,107216896,131072,100.0,0,0.0,1,0.0,255,131072,100.0,100.0,True,False,64,64,0,True,ALL_FF
819,52416,52479,107347968,131072,100.0,0,0.0,1,0.0,255,131072,100.0,100.0,True,False,64,64,0,True,ALL_FF
820,52480,52543,107479040,131072,100.0,0,0.0,1,0.0,255,131072,100.0,100.0,True,False,64,64,0,True,ALL_FF
821,52544,52607,107610112,131072,100.0,0,0.0,1,0.0,255,131072,100.0,100.0,True,False,64,64,0,True,ALL_FF
822,52608,52671,107741184,131072,100.0,0,0.0,1,0.0,255,131072,100.0,100.0,True,False,64,64,0,True,ALL_FF
823,52672,52735,107872256,131072,100.0,0,0.0,1,0.0,255,131072,100.0,100.0,True,False,64,64,0,True,ALL_FF
824,52736,52799,108003328,131072,100.0,0,0.0,1,0.0,255,131072,100.0,100.0,True,False,64,64,0,True,ALL_FF
825,52800,52863,108134400,131072,100.0,0,0.0,1,0.0,255,131072,100.0,100.0,True,False,64,64,0,True,ALL_FF
826,52864,52927,108265472,131072,100.0,0,0.0,1,0.0,255,131072,100.0,100.0,True,False,64,64,0,True,ALL_FF
827,52928,52991,108396544,131072,100.0,0,0.0,1,0.0,255,131072,100.0,100.0,True,False,64,64,0,True,ALL_FF
828,52992,53055,108527616,131072,100.0,0,0.0,1,0.0,255,131072,100.0,100.0,True,False,64,64,0,True,ALL_FF
829,53056,53119,108658688,131072,100.0,0,0.0,1,0.0,255,131072,100.0,100.0,True,False,64,64,0,True,ALL_FF
830,53120,53183,108789760,131072,100.0,0,0.0,1,0.0,255,131072,100.0,100.0,True,False,64,64,0,True,ALL_FF
831,53184,53247,108920832,131072,100.0,0,0.0,1,0.0,255,131072,100.0,100.0,True,False,64,64,0,True,ALL_FF
832,53248,53311,109051904,131072,100.0,0,0.0,1,0.0,255,131072,100.0,100.0,True,False,64,64,0,True,ALL_FF
833,53312,53375,109182976,131072,100.0,0,0.0,1,0.0,255,131072,100.0,100.0,True,False,64,64,0,True,ALL_FF
834,53376,53439,109314048,131072,100.0,0,0.0,1,0.0,255,131072,100.0,100.0,True,False,64,64,0,True,ALL_FF
835,53440,53503,109445120,131072,100.0,0,0.0,1,0.0,255,131072,100.0,100.0,True,False,64,64,0,True,ALL_FF
836,53504,53567,109576192,131072,100.0,0,0.0,1,0.0,255,131072,100.0,100.0,True,False,64,64,0,True,ALL_FF
837,53568,53631,109707264,131072,100.0,0,0.0,1,0.0,255,131072,100.0,100.0,True,False,64,64,0,True,ALL_FF
838,53632,53695,109838336,131072,100.0,0,0.0,1,0.0,255,131072,100.0,100.0,True,False,64,64,0,True,ALL_FF
839,53696,53759,109969408,131072,100.0,0,0.0,1,0.0,255,131072,100.0,100.0,True,False,64,64,0,True,ALL_FF
840,53760,53823,110100480,131072,100.0,0,0.0,1,0.0,255,131072,100.0,100.0,True,False,64,64,0,True,ALL_FF
841,53824,53887,110231552,131072,100.0,0,0.0,1,0.0,255,131072,100.0,100.0,True,False,64,64,0,True,ALL_FF
842,53888,53951,110362624,131072,100.0,0,0.0,1,0.0,255,131072,100.0,100.0,True,False,64,64,0,True,ALL_FF
843,53952,54015,110493696,131072,100.0,0,0.0,1,0.0,255,131072,100.0,100.0,True,False,64,64,0,True,ALL_FF
844,54016,54079,110624768,131072,100.0,0,0.0,1,0.0,255,131072,100.0,100.0,True,False,64,64,0,True,ALL_FF
845,54080,54143,110755840,131072,100.0,0,0.0,1,0.0,255,131072,100.0,100.0,True,False,64,64,0,True,ALL_FF
846,54144,54207,110886912,131072,100.0,0,0.0,1,0.0,255,131072,100.0,100.0,True,False,64,64,0,True,ALL_FF
847,54208,54271,111017984,131072,100.0,0,0.0,1,0.0,255,131072,100.0,100.0,True,False,64,64,0,True,ALL_FF
848,54272,54335,111149056,131072,100.0,0,0.0,1,0.0,255,131072,100.0,100.0,True,False,64,64,0,True,ALL_FF
849,54336,54399,111280128,131072,100.0,0,0.0,1,0.0,255,131072,100.0,100.0,True,False,64,64,0,True,ALL_FF
850,54400,54463,111411200,131072,100.0,0,0.0,1,0.0,255,131072,100.0,100.0,True,False,64,64,0,True,ALL_FF
851,54464,54527,111542272,131072,100.0,0,0.0,1,0.0,255,131072,100.0,100.0,True,False,64,64,0,True,ALL_FF
852,54528,54591,111673344,131072,100.0,0,0.0,1,0.0,255,131072,100.0,100.0,True,False,64,64,0,True,ALL_FF
853,54592,54655,111804416,131072,100.0,0,0.0,1,0.0,255,131072,100.0,100.0,True,False,64,64,0,True,ALL_FF
854,54656,54719,111935488,131072,100.0,0,0.0,1,0.0,255,131072,100.0,100.0,True,False,64,64,0,True,ALL_FF
855,54720,54783,112066560,131072,100.0,0,0.0,1,0.0,255,131072,100.0,100.0,True,False,64,64,0,True,ALL_FF
856,54784,54847,112197632,131072,100.0,0,0.0,1,0.0,255,131072,100.0,100.0,True,False,64,64,0,True,ALL_FF
857,54848,54911,112328704,131072,100.0,0,0.0,1,0.0,255,131072,100.0,100.0,True,False,64,64,0,True,ALL_FF
858,54912,54975,112459776,131072,100.0,0,0.0,1,0.0,255,131072,100.0,100.0,True,False,64,64,0,True,ALL_FF
859,54976,55039,112590848,131072,100.0,0,0.0,1,0.0,255,131072,100.0,100.0,True,False,64,64,0,True,ALL_FF
860,55040,55103,112721920,131072,100.0,0,0.0,1,0.0,255,131072,100.0,100.0,True,False,64,64,0,True,ALL_FF
861,55104,55167,112852992,131072,100.0,0,0.0,1,0.0,255,131072,100.0,100.0,True,False,64,64,0,True,ALL_FF
862,55168,55231,112984064,131072,100.0,0,0.0,1,0.0,255,131072,100.0,100.0,True,False,64,64,0,True,ALL_FF
863,55232,55295,113115136,131072,100.0,0,0.0,1,0.0,255,131072,100.0,100.0,True,False,64,64,0,True,ALL_FF
864,55296,55359,113246208,131072,100.0,0,0.0,1,0.0,255,131072,100.0,100.0,True,False,64,64,0,True,ALL_FF
865,55360,55423,113377280,131072,100.0,0,0.0,1,0.0,255,131072,100.0,100.0,True,False,64,64,0,True,ALL_FF
866,55424,55487,113508352,131072,100.0,0,0.0,1,0.0,255,131072,100.0,100.0,True,False,64,64,0,True,ALL_FF
867,55488,55551,113639424,131072,100.0,0,0.0,1,0.0,255,131072,100.0,100.0,True,False,64,64,0,True,ALL_FF
868,55552,55615,113770496,131072,100.0,0,0.0,1,0.0,255,131072,100.0,100.0,True,False,64,64,0,True,ALL_FF
869,55616,55679,113901568,131072,100.0,0,0.0,1,0.0,255,131072,100.0,100.0,True,False,64,64,0,True,ALL_FF
870,55680,55743,114032640,131072,100.0,0,0.0,1,0.0,255,131072,100.0,100.0,True,False,64,64,0,True,ALL_FF
871,55744,55807,114163712,131072,100.0,0,0.0,1,0.0,255,131072,100.0,100.0,True,False,64,64,0,True,ALL_FF
872,55808,55871,114294784,131072,100.0,0,0.0,1,0.0,255,131072,100.0,100.0,True,False,64,64,0,True,ALL_FF
873,55872,55935,114425856,131072,100.0,0,0.0,1,0.0,255,131072,100.0,100.0,True,False,64,64,0,True,ALL_FF
874,55936,55999,114556928,131072,100.0,0,0.0,1,0.0,255,131072,100.0,100.0,True,False,64,64,0,True,ALL_FF
875,56000,56063,114688000,131072,100.0,0,0.0,1,0.0,255,131072,100.0,100.0,True,False,64,64,0,True,ALL_FF
876,56064,56127,114819072,131072,100.0,0,0.0,1,0.0,255,131072,100.0,100.0,True,False,64,64,0,True,ALL_FF
877,56128,56191,114950144,131072,100.0,0,0.0,1,0.0,255,131072,100.0,100.0,True,False,64,64,0,True,ALL_FF
878,56192,56255,115081216,131072,100.0,0,0.0,1,0.0,255,131072,100.0,100.0,True,False,64,64,0,True,ALL_FF
879,56256,56319,115212288,131072,100.0,0,0.0,1,0.0,255,131072,100.0,100.0,True,False,64,64,0,True,ALL_FF
880,56320,56383,115343360,131072,100.0,0,0.0,1,0.0,255,131072,100.0,100.0,True,False,64,64,0,True,ALL_FF
881,56384,56447,115474432,131072,100.0,0,0.0,1,0.0,255,131072,100.0,100.0,True,False,64,64,0,True,ALL_FF
882,56448,56511,115605504,131072,100.0,0,0.0,1,0.0,255,131072,100.0,100.0,True,False,64,64,0,True,ALL_FF
883,56512,56575,115736576,131072,100.0,0,0.0,1,0.0,255,131072,100.0,100.0,True,False,64,64,0,True,ALL_FF
884,56576,56639,115867648,131072,100.0,0,0.0,1,0.0,255,131072,100.0,100.0,True,False,64,64,0,True,ALL_FF
885,56640,56703,115998720,131072,100.0,0,0.0,1,0.0,255,131072,100.0,100.0,True,False,64,64,0,True,ALL_FF
886,56704,56767,116129792,131072,100.0,0,0.0,1,0.0,255,131072,100.0,100.0,True,False,64,64,0,True,ALL_FF
887,56768,56831,116260864,131072,100.0,0,0.0,1,0.0,255,131072,100.0,100.0,True,False,64,64,0,True,ALL_FF
888,56832,56895,116391936,131072,100.0,0,0.0,1,0.0,255,131072,100.0,100.0,True,False,64,64,0,True,ALL_FF
889,56896,56959,116523008,131072,100.0,0,0.0,1,0.0,255,131072,100.0,100.0,True,False,64,64,0,True,ALL_FF
890,56960,57023,116654080,131072,100.0,0,0.0,1,0.0,255,131072,100.0,100.0,True,False,64,64,0,True,ALL_FF
891,57024,57087,116785152,131072,100.0,0,0.0,1,0.0,255,131072,100.0,100.0,True,False,64,64,0,True,ALL_FF
892,57088,57151,116916224,131072,100.0,0,0.0,1,0.0,255,131072,100.0,100.0,True,False,64,64,0,True,ALL_FF
893,57152,57215,117047296,131072,100.0,0,0.0,1,0.0,255,131072,100.0,100.0,True,False,64,64,0,True,ALL_FF
894,57216,57279,117178368,131072,100.0,0,0.0,1,0.0,255,131072,100.0,100.0,True,False,64,64,0,True,ALL_FF
895,57280,57343,117309440,131072,100.0,0,0.0,1,0.0,255,131072,100.0,100.0,True,False,64,64,0,True,ALL_FF
896,57344,57407,117440512,131072,100.0,0,0.0,1,0.0,255,131072,100.0,100.0,True,False,64,64,0,True,ALL_FF
897,57408,57471,117571584,131072,100.0,0,0.0,1,0.0,255,131072,100.0,100.0,True,False,64,64,0,True,ALL_FF
898,57472,57535,117702656,131072,100.0,0,0.0,1,0.0,255,131072,100.0,100.0,True,False,64,64,0,True,ALL_FF
899,57536,57599,117833728,131072,100.0,0,0.0,1,0.0,255,131072,100.0,100.0,True,False,64,64,0,True,ALL_FF
900,57600,57663,117964800,131072,100.0,0,0.0,1,0.0,255,131072,100.0,100.0,True,False,64,64,0,True,ALL_FF
901,57664,57727,118095872,131072,100.0,0,0.0,1,0.0,255,131072,100.0,100.0,True,False,64,64,0,True,ALL_FF
902,57728,57791,118226944,131072,100.0,0,0.0,1,0.0,255,131072,100.0,100.0,True,False,64,64,0,True,ALL_FF
903,57792,57855,118358016,131072,100.0,0,0.0,1,0.0,255,131072,100.0,100.0,True,False,64,64,0,True,ALL_FF
904,57856,57919,118489088,131072,100.0,0,0.0,1,0.0,255,131072,100.0,100.0,True,False,64,64,0,True,ALL_FF
905,57920,57983,118620160,131072,100.0,0,0.0,1,0.0,255,131072,100.0,100.0,True,False,64,64,0,True,ALL_FF
906,57984,58047,118751232,131072,100.0,0,0.0,1,0.0,255,131072,100.0,100.0,True,False,64,64,0,True,ALL_FF
907,58048,58111,118882304,131072,100.0,0,0.0,1,0.0,255,131072,100.0,100.0,True,False,64,64,0,True,ALL_FF
908,58112,58175,119013376,130231,99.35836791992188,4,0.0030517578125,63,0.08516552523071316,255,130231,99.35836791992188,99.36141967773438,False,False,64,63,0,True,MANY_ABNORMAL_PAGES;MOSTLY_ERASED;STRONG_FF00_PATTERN
909,58176,58239,119144448,131072,100.0,0,0.0,1,0.0,255,131072,100.0,100.0,True,False,64,64,0,True,ALL_FF
910,58240,58303,119275520,131072,100.0,0,0.0,1,0.0,255,131072,100.0,100.0,True,False,64,64,0,True,ALL_FF
911,58304,58367,119406592,131072,100.0,0,0.0,1,0.0,255,131072,100.0,100.0,True,False,64,64,0,True,ALL_FF
912,58368,58431,119537664,131072,100.0,0,0.0,1,0.0,255,131072,100.0,100.0,True,False,64,64,0,True,ALL_FF
913,58432,58495,119668736,131072,100.0,0,0.0,1,0.0,255,131072,100.0,100.0,True,False,64,64,0,True,ALL_FF
914,58496,58559,119799808,131072,100.0,0,0.0,1,0.0,255,131072,100.0,100.0,True,False,64,64,0,True,ALL_FF
915,58560,58623,119930880,131072,100.0,0,0.0,1,0.0,255,131072,100.0,100.0,True,False,64,64,0,True,ALL_FF
916,58624,58687,120061952,131072,100.0,0,0.0,1,0.0,255,131072,100.0,100.0,True,False,64,64,0,True,ALL_FF
917,58688,58751,120193024,131072,100.0,0,0.0,1,0.0,255,131072,100.0,100.0,True,False,64,64,0,True,ALL_FF
918,58752,58815,120324096,131072,100.0,0,0.0,1,0.0,255,131072,100.0,100.0,True,False,64,64,0,True,ALL_FF
919,58816,58879,120455168,131072,100.0,0,0.0,1,0.0,255,131072,100.0,100.0,True,False,64,64,0,True,ALL_FF
920,58880,58943,120586240,131072,100.0,0,0.0,1,0.0,255,131072,100.0,100.0,True,False,64,64,0,True,ALL_FF
921,58944,59007,120717312,131072,100.0,0,0.0,1,0.0,255,131072,100.0,100.0,True,False,64,64,0,True,ALL_FF
922,59008,59071,120848384,131072,100.0,0,0.0,1,0.0,255,131072,100.0,100.0,True,False,64,64,0,True,ALL_FF
923,59072,59135,120979456,131072,100.0,0,0.0,1,0.0,255,131072,100.0,100.0,True,False,64,64,0,True,ALL_FF
924,59136,59199,121110528,131072,100.0,0,0.0,1,0.0,255,131072,100.0,100.0,True,False,64,64,0,True,ALL_FF
925,59200,59263,121241600,131072,100.0,0,0.0,1,0.0,255,131072,100.0,100.0,True,False,64,64,0,True,ALL_FF
926,59264,59327,121372672,131072,100.0,0,0.0,1,0.0,255,131072,100.0,100.0,True,False,64,64,0,True,ALL_FF
927,59328,59391,121503744,131072,100.0,0,0.0,1,0.0,255,131072,100.0,100.0,True,False,64,64,0,True,ALL_FF
928,59392,59455,121634816,131072,100.0,0,0.0,1,0.0,255,131072,100.0,100.0,True,False,64,64,0,True,ALL_FF
929,59456,59519,121765888,131072,100.0,0,0.0,1,0.0,255,131072,100.0,100.0,True,False,64,64,0,True,ALL_FF
930,59520,59583,121896960,131072,100.0,0,0.0,1,0.0,255,131072,100.0,100.0,True,False,64,64,0,True,ALL_FF
931,59584,59647,122028032,131072,100.0,0,0.0,1,0.0,255,131072,100.0,100.0,True,False,64,64,0,True,ALL_FF
932,59648,59711,122159104,131072,100.0,0,0.0,1,0.0,255,131072,100.0,100.0,True,False,64,64,0,True,ALL_FF
933,59712,59775,122290176,131072,100.0,0,0.0,1,0.0,255,131072,100.0,100.0,True,False,64,64,0,True,ALL_FF
934,59776,59839,122421248,131072,100.0,0,0.0,1,0.0,255,131072,100.0,100.0,True,False,64,64,0,True,ALL_FF
935,59840,59903,122552320,131072,100.0,0,0.0,1,0.0,255,131072,100.0,100.0,True,False,64,64,0,True,ALL_FF
936,59904,59967,122683392,131072,100.0,0,0.0,1,0.0,255,131072,100.0,100.0,True,False,64,64,0,True,ALL_FF
937,59968,60031,122814464,131072,100.0,0,0.0,1,0.0,255,131072,100.0,100.0,True,False,64,64,0,True,ALL_FF
938,60032,60095,122945536,119632,91.27197265625,45,0.034332275390625,256,1.1235711981469076,255,119632,91.27197265625,91.30630493164062,False,False,64,58,0,True,MANY_ABNORMAL_PAGES;MOSTLY_ERASED
939,60096,60159,123076608,131072,100.0,0,0.0,1,0.0,255,131072,100.0,100.0,True,False,64,64,0,True,ALL_FF
940,60160,60223,123207680,129309,98.65493774414062,311,0.237274169921875,75,0.17808777955700072,255,129309,98.65493774414062,98.8922119140625,False,False,64,62,0,True,MANY_ABNORMAL_PAGES;MOSTLY_ERASED;STRONG_FF00_PATTERN
941,60224,60287,123338752,131072,100.0,0,0.0,1,0.0,255,131072,100.0,100.0,True,False,64,64,0,True,ALL_FF
942,60288,60351,123469824,131072,100.0,0,0.0,1,0.0,255,131072,100.0,100.0,True,False,64,64,0,True,ALL_FF
943,60352,60415,123600896,130562,99.61090087890625,504,0.384521484375,7,0.03721460024420211,255,130562,99.61090087890625,99.99542236328125,False,False,64,63,0,True,FF_HEAVY;MANY_ABNORMAL_PAGES;MOSTLY_ERASED;STRONG_FF00_PATTERN
944,60416,60479,123731968,131072,100.0,0,0.0,1,0.0,255,131072,100.0,100.0,True,False,64,64,0,True,ALL_FF
945,60480,60543,123863040,131072,100.0,0,0.0,1,0.0,255,131072,100.0,100.0,True,False,64,64,0,True,ALL_FF
946,60544,60607,123994112,131072,100.0,0,0.0,1,0.0,255,131072,100.0,100.0,True,False,64,64,0,True,ALL_FF
947,60608,60671,124125184,131072,100.0,0,0.0,1,0.0,255,131072,100.0,100.0,True,False,64,64,0,True,ALL_FF
948,60672,60735,124256256,131072,100.0,0,0.0,1,0.0,255,131072,100.0,100.0,True,False,64,64,0,True,ALL_FF
949,60736,60799,124387328,131072,100.0,0,0.0,1,0.0,255,131072,100.0,100.0,True,False,64,64,0,True,ALL_FF
950,60800,60863,124518400,131072,100.0,0,0.0,1,0.0,255,131072,100.0,100.0,True,False,64,64,0,True,ALL_FF
951,60864,60927,124649472,131072,100.0,0,0.0,1,0.0,255,131072,100.0,100.0,True,False,64,64,0,True,ALL_FF
952,60928,60991,124780544,131072,100.0,0,0.0,1,0.0,255,131072,100.0,100.0,True,False,64,64,0,True,ALL_FF
953,60992,61055,124911616,131072,100.0,0,0.0,1,0.0,255,131072,100.0,100.0,True,False,64,64,0,True,ALL_FF
954,61056,61119,125042688,131072,100.0,0,0.0,1,0.0,255,131072,100.0,100.0,True,False,64,64,0,True,ALL_FF
955,61120,61183,125173760,131072,100.0,0,0.0,1,0.0,255,131072,100.0,100.0,True,False,64,64,0,True,ALL_FF
956,61184,61247,125304832,131072,100.0,0,0.0,1,0.0,255,131072,100.0,100.0,True,False,64,64,0,True,ALL_FF
957,61248,61311,125435904,131072,100.0,0,0.0,1,0.0,255,131072,100.0,100.0,True,False,64,64,0,True,ALL_FF
958,61312,61375,125566976,131072,100.0,0,0.0,1,0.0,255,131072,100.0,100.0,True,False,64,64,0,True,ALL_FF
959,61376,61439,125698048,131072,100.0,0,0.0,1,0.0,255,131072,100.0,100.0,True,False,64,64,0,True,ALL_FF
960,61440,61503,125829120,131072,100.0,0,0.0,1,0.0,255,131072,100.0,100.0,True,False,64,64,0,True,ALL_FF
961,61504,61567,125960192,131072,100.0,0,0.0,1,0.0,255,131072,100.0,100.0,True,False,64,64,0,True,ALL_FF
962,61568,61631,126091264,131072,100.0,0,0.0,1,0.0,255,131072,100.0,100.0,True,False,64,64,0,True,ALL_FF
963,61632,61695,126222336,131072,100.0,0,0.0,1,0.0,255,131072,100.0,100.0,True,False,64,64,0,True,ALL_FF
964,61696,61759,126353408,131072,100.0,0,0.0,1,0.0,255,131072,100.0,100.0,True,False,64,64,0,True,ALL_FF
965,61760,61823,126484480,131072,100.0,0,0.0,1,0.0,255,131072,100.0,100.0,True,False,64,64,0,True,ALL_FF
966,61824,61887,126615552,131072,100.0,0,0.0,1,0.0,255,131072,100.0,100.0,True,False,64,64,0,True,ALL_FF
967,61888,61951,126746624,131072,100.0,0,0.0,1,0.0,255,131072,100.0,100.0,True,False,64,64,0,True,ALL_FF
968,61952,62015,126877696,131072,100.0,0,0.0,1,0.0,255,131072,100.0,100.0,True,False,64,64,0,True,ALL_FF
969,62016,62079,127008768,131072,100.0,0,0.0,1,0.0,255,131072,100.0,100.0,True,False,64,64,0,True,ALL_FF
970,62080,62143,127139840,131072,100.0,0,0.0,1,0.0,255,131072,100.0,100.0,True,False,64,64,0,True,ALL_FF
971,62144,62207,127270912,131072,100.0,0,0.0,1,0.0,255,131072,100.0,100.0,True,False,64,64,0,True,ALL_FF
972,62208,62271,127401984,131072,100.0,0,0.0,1,0.0,255,131072,100.0,100.0,True,False,64,64,0,True,ALL_FF
973,62272,62335,127533056,131072,100.0,0,0.0,1,0.0,255,131072,100.0,100.0,True,False,64,64,0,True,ALL_FF
974,62336,62399,127664128,131072,100.0,0,0.0,1,0.0,255,131072,100.0,100.0,True,False,64,64,0,True,ALL_FF
975,62400,62463,127795200,131072,100.0,0,0.0,1,0.0,255,131072,100.0,100.0,True,False,64,64,0,True,ALL_FF
976,62464,62527,127926272,131072,100.0,0,0.0,1,0.0,255,131072,100.0,100.0,True,False,64,64,0,True,ALL_FF
977,62528,62591,128057344,131072,100.0,0,0.0,1,0.0,255,131072,100.0,100.0,True,False,64,64,0,True,ALL_FF
978,62592,62655,128188416,131072,100.0,0,0.0,1,0.0,255,131072,100.0,100.0,True,False,64,64,0,True,ALL_FF
979,62656,62719,128319488,131072,100.0,0,0.0,1,0.0,255,131072,100.0,100.0,True,False,64,64,0,True,ALL_FF
980,62720,62783,128450560,131072,100.0,0,0.0,1,0.0,255,131072,100.0,100.0,True,False,64,64,0,True,ALL_FF
981,62784,62847,128581632,131072,100.0,0,0.0,1,0.0,255,131072,100.0,100.0,True,False,64,64,0,True,ALL_FF
982,62848,62911,128712704,131072,100.0,0,0.0,1,0.0,255,131072,100.0,100.0,True,False,64,64,0,True,ALL_FF
983,62912,62975,128843776,131072,100.0,0,0.0,1,0.0,255,131072,100.0,100.0,True,False,64,64,0,True,ALL_FF
984,62976,63039,128974848,131072,100.0,0,0.0,1,0.0,255,131072,100.0,100.0,True,False,64,64,0,True,ALL_FF
985,63040,63103,129105920,131072,100.0,0,0.0,1,0.0,255,131072,100.0,100.0,True,False,64,64,0,True,ALL_FF
986,63104,63167,129236992,131072,100.0,0,0.0,1,0.0,255,131072,100.0,100.0,True,False,64,64,0,True,ALL_FF
987,63168,63231,129368064,131072,100.0,0,0.0,1,0.0,255,131072,100.0,100.0,True,False,64,64,0,True,ALL_FF
988,63232,63295,129499136,131072,100.0,0,0.0,1,0.0,255,131072,100.0,100.0,True,False,64,64,0,True,ALL_FF
989,63296,63359,129630208,131072,100.0,0,0.0,1,0.0,255,131072,100.0,100.0,True,False,64,64,0,True,ALL_FF
990,63360,63423,129761280,131072,100.0,0,0.0,1,0.0,255,131072,100.0,100.0,True,False,64,64,0,True,ALL_FF
991,63424,63487,129892352,131072,100.0,0,0.0,1,0.0,255,131072,100.0,100.0,True,False,64,64,0,True,ALL_FF
992,63488,63551,130023424,131072,100.0,0,0.0,1,0.0,255,131072,100.0,100.0,True,False,64,64,0,True,ALL_FF
993,63552,63615,130154496,131072,100.0,0,0.0,1,0.0,255,131072,100.0,100.0,True,False,64,64,0,True,ALL_FF
994,63616,63679,130285568,131072,100.0,0,0.0,1,0.0,255,131072,100.0,100.0,True,False,64,64,0,True,ALL_FF
995,63680,63743,130416640,131072,100.0,0,0.0,1,0.0,255,131072,100.0,100.0,True,False,64,64,0,True,ALL_FF
996,63744,63807,130547712,131072,100.0,0,0.0,1,0.0,255,131072,100.0,100.0,True,False,64,64,0,True,ALL_FF
997,63808,63871,130678784,131072,100.0,0,0.0,1,0.0,255,131072,100.0,100.0,True,False,64,64,0,True,ALL_FF
998,63872,63935,130809856,131072,100.0,0,0.0,1,0.0,255,131072,100.0,100.0,True,False,64,64,0,True,ALL_FF
999,63936,63999,130940928,131072,100.0,0,0.0,1,0.0,255,131072,100.0,100.0,True,False,64,64,0,True,ALL_FF
1000,64000,64063,131072000,131072,100.0,0,0.0,1,0.0,255,131072,100.0,100.0,True,False,64,64,0,True,ALL_FF
1001,64064,64127,131203072,131072,100.0,0,0.0,1,0.0,255,131072,100.0,100.0,True,False,64,64,0,True,ALL_FF
1002,64128,64191,131334144,131072,100.0,0,0.0,1,0.0,255,131072,100.0,100.0,True,False,64,64,0,True,ALL_FF
1003,64192,64255,131465216,131072,100.0,0,0.0,1,0.0,255,131072,100.0,100.0,True,False,64,64,0,True,ALL_FF
1004,64256,64319,131596288,131072,100.0,0,0.0,1,0.0,255,131072,100.0,100.0,True,False,64,64,0,True,ALL_FF
1005,64320,64383,131727360,131072,100.0,0,0.0,1,0.0,255,131072,100.0,100.0,True,False,64,64,0,True,ALL_FF
1006,64384,64447,131858432,131072,100.0,0,0.0,1,0.0,255,131072,100.0,100.0,True,False,64,64,0,True,ALL_FF
1007,64448,64511,131989504,131072,100.0,0,0.0,1,0.0,255,131072,100.0,100.0,True,False,64,64,0,True,ALL_FF
1008,64512,64575,132120576,131072,100.0,0,0.0,1,0.0,255,131072,100.0,100.0,True,False,64,64,0,True,ALL_FF
1009,64576,64639,132251648,131072,100.0,0,0.0,1,0.0,255,131072,100.0,100.0,True,False,64,64,0,True,ALL_FF
1010,64640,64703,132382720,131072,100.0,0,0.0,1,0.0,255,131072,100.0,100.0,True,False,64,64,0,True,ALL_FF
1011,64704,64767,132513792,131072,100.0,0,0.0,1,0.0,255,131072,100.0,100.0,True,False,64,64,0,True,ALL_FF
1012,64768,64831,132644864,131072,100.0,0,0.0,1,0.0,255,131072,100.0,100.0,True,False,64,64,0,True,ALL_FF
1013,64832,64895,132775936,131072,100.0,0,0.0,1,0.0,255,131072,100.0,100.0,True,False,64,64,0,True,ALL_FF
1014,64896,64959,132907008,131072,100.0,0,0.0,1,0.0,255,131072,100.0,100.0,True,False,64,64,0,True,ALL_FF
1015,64960,65023,133038080,131072,100.0,0,0.0,1,0.0,255,131072,100.0,100.0,True,False,64,64,0,True,ALL_FF
1016,65024,65087,133169152,131072,100.0,0,0.0,1,0.0,255,131072,100.0,100.0,True,False,64,64,0,True,ALL_FF
1017,65088,65151,133300224,131072,100.0,0,0.0,1,0.0,255,131072,100.0,100.0,True,False,64,64,0,True,ALL_FF
1018,65152,65215,133431296,131072,100.0,0,0.0,1,0.0,255,131072,100.0,100.0,True,False,64,64,0,True,ALL_FF
1019,65216,65279,133562368,131072,100.0,0,0.0,1,0.0,255,131072,100.0,100.0,True,False,64,64,0,True,ALL_FF
1020,65280,65343,133693440,131072,100.0,0,0.0,1,0.0,255,131072,100.0,100.0,True,False,64,64,0,True,ALL_FF
1021,65344,65407,133824512,131072,100.0,0,0.0,1,0.0,255,131072,100.0,100.0,True,False,64,64,0,True,ALL_FF
1022,65408,65471,133955584,131072,100.0,0,0.0,1,0.0,255,131072,100.0,100.0,True,False,64,64,0,True,ALL_FF
1023,65472,65535,134086656,130742,99.74822998046875,325,0.247955322265625,6,0.025723215978021154,255,130742,99.74822998046875,99.99618530273438,False,False,64,63,0,True,FF_HEAVY;MANY_ABNORMAL_PAGES;MOSTLY_ERASED;STRONG_FF00_PATTERN
